readingId,source,site_code,response_time_epoch_ms,assetCode,productionLine,timestampMs,receivedAtEpochMs,alertCode,level,vibration_g,temperature_f,power_kw,is_active,signal_quality,vendorConfidencePct,device_fw_version,collector_id
TT-8800,ThermoTrack,PLANT_01,1773187800000,MCH-010,C,1772568367000,1772568427000,OK,1,0.117,149.6,19.02,true,GOOD,93,TT-4.9,COL-A
TT-8801,ThermoTrack,PLANT_01,1773187800000,MCH-005,A,1772342731000,1772343091000,OK,2,0.314,121.5,31.14,true,FAIR,64,TT-5.5,COL-C
TT-8802,ThermoTrack,PLANT_01,1773187800000,MCH-012,B,1772809501000,1772809561000,OK,2,0.165,156.4,49.8,true,GOOD,87,TT-5.4,COL-C
TT-8803,ThermoTrack,PLANT_01,1773187800000,MCH-004,B,1772764527000,1772764587000,OK,2,0.277,150.0,55.27,true,GOOD,82,TT-5.4,COL-B
TT-8804,ThermoTrack,PLANT_01,1773187800000,MCH-005,A,1772358584000,1772358884000,OK,2,0.114,141.4,26.58,false,GOOD,97,TT-5.4,COL-B
TT-8805,ThermoTrack,PLANT_01,1773187800000,MCH-010,C,1772406591000,1772406951000,OK,2,0.262,125.5,22.08,true,GOOD,84,TT-4.9,COL-B
TT-8806,ThermoTrack,PLANT_01,1773187800000,MCH-010,C,1772930164000,1772930344000,OK,1,0.185,118.0,14.84,true,FAIR,78,TT-5.4,COL-A
TT-8807,ThermoTrack,PLANT_01,1773187800000,MCH-008,B,1772413200000,1772434800000,OK,2,0.191,136.6,66.55,true,FAIR,70,TT-4.9,COL-C
TT-8808,ThermoTrack,PLANT_01,1773187800000,MCH-007,C,1773169443000,1773169683000,OK,2,0.188,145.5,15.41,true,GOOD,84,TT-5.5,COL-A
TT-8809,ThermoTrack,PLANT_01,1773187800000,MCH-002,A,1772947733000,1772948033000,OK,2,,136.5,44.07,true,FAIR,57,TT-5.4,COL-B
TT-8810,ThermoTrack,PLANT_01,1773187800000,MCH-004,B,1773043683000,1773045483000,OK,2,0.242,,58.27,false,GOOD,84,TT-4.9,COL-B
TT-8811,ThermoTrack,PLANT_01,1773187800000,MCH-005,A,1773052851000,1773053271000,OK,2,0.145,152.4,24.99,false,GOOD,96,TT-5.5,COL-B
TT-8812,ThermoTrack,PLANT_01,1773187800000,MCH-005,A,1772462867000,1772464667000,OK,2,0.185,142.7,30.43,true,GOOD,86,TT-5.4,COL-A
TT-8813,ThermoTrack,PLANT_01,1773187800000,MCH-001,A,1772787429000,1772787849000,OK,2,0.173,147.1,32.35,false,GOOD,87,TT-5.5,COL-A
TT-8814,ThermoTrack,PLANT_01,1773187800000,MCH-001,A,1772641005000,1772641725000,OK,2,0.212,139.8,33.62,false,GOOD,92,TT-4.9,COL-C
TT-8815,ThermoTrack,PLANT_01,1773187800000,MCH-005,A,1772442998000,1772444798000,OK,1,0.126,143.0,25.72,true,GOOD,88,TT-5.5,COL-C
TT-8816,ThermoTrack,PLANT_01,1773187800000,MCH-010,C,1772791310000,1772791550000,OK,2,0.245,130.2,18.22,true,FAIR,81,TT-5.5,COL-C
TT-8817,ThermoTrack,PLANT_01,1773187800000,MCH-006,C,1772342240000,1772342360000,OK,1,0.155,149.5,19.86,true,FAIR,80,TT-4.9,COL-A
TT-8818,ThermoTrack,PLANT_01,1773187800000,MCH-004,B,1773087723000,1773088443000,OK,2,0.246,145.4,60.66,true,GOOD,97,TT-4.9,COL-A
TT-8819,ThermoTrack,PLANT_01,1773187800000,MCH-009,A,1772958072000,1772958132000,OK,1,0.174,149.1,15.65,false,GOOD,88,TT-5.4,COL-A
TT-8820,ThermoTrack,PLANT_01,1773187800000,MCH-008,B,1773072626000,1773072986000,OK,1,0.132,130.9,70.08,true,GOOD,90,TT-5.4,COL-C
TT-8821,ThermoTrack,PLANT_01,1773187800000,MCH-007,C,1772603110000,1772603170000,OK,1,0.175,147.0,18.37,true,GOOD,92,TT-5.5,COL-C
TT-8822,ThermoTrack,PLANT_01,1773187800000,MCH-010,C,1772357141000,1772357321000,OK,2,0.197,136.0,26.01,true,FAIR,59,TT-4.9,COL-A
TT-8823,ThermoTrack,PLANT_01,1773187800000,MCH-011,D,1772554205000,1772554625000,OK,2,0.234,143.1,2.31,true,GOOD,84,TT-5.5,COL-A
TT-8824,ThermoTrack,PLANT_01,1773187800000,MCH-002,A,1773177136000,1773177196000,OK,1,0.232,146.2,50.74,false,GOOD,86,TT-4.9,COL-B
TT-8825,ThermoTrack,PLANT_01,1773187800000,MCH-004,B,1773066340000,1773066580000,OK,2,0.281,147.5,49.05,false,GOOD,97,TT-4.9,COL-A
TT-8826,ThermoTrack,PLANT_01,1773187800000,MCH-007,C,1772685092000,1772685512000,OK,1,0.184,139.5,16.38,true,FAIR,79,TT-5.5,COL-B
TT-8827,ThermoTrack,PLANT_01,1773187800000,MCH-003,B,1772579125000,1772584525000,OK,1,0.141,134.3,8.13,false,FAIR,61,TT-4.9,COL-C
TT-8828,ThermoTrack,PLANT_01,1773187800000,MCH-004,B,1773001243000,1773001543000,OK,1,0.233,161.8,50.18,true,GOOD,82,TT-5.4,COL-A
TT-8829,ThermoTrack,PLANT_01,1773187800000,MCH-010,C,1772526031000,1772526271000,OK,2,0.168,132.0,14.82,true,GOOD,82,TT-4.9,COL-A
TT-8830,ThermoTrack,PLANT_01,1773187800000,MCH-010,C,1772592839000,1772593259000,OK,1,0.244,141.1,23.7,false,GOOD,93,TT-5.5,COL-C
TT-8831,ThermoTrack,PLANT_01,1773187800000,MCH-001,A,1773080522000,1773080582000,OK,1,0.165,153.9,42.57,true,GOOD,97,TT-5.4,COL-A
TT-8832,ThermoTrack,PLANT_01,1773187800000,MCH-008,LINE-B,1772770735000,1772776135000,OK,2,0.127,142.6,71.18,true,GOOD,95,TT-5.5,COL-A
TT-8833,ThermoTrack,PLANT_01,1773187800000,MCH-012,B,1772890197000,1772890437000,OK,1,0.096,119.7,54.49,false,GOOD,96,TT-4.9,COL-A
TT-8834,ThermoTrack,PLANT_01,1773187800000,MCH-010,C,1773144474000,1773144834000,OK,2,0.114,127.6,17.74,true,FAIR,72,TT-5.5,COL-C
TT-8835,ThermoTrack,PLANT_01,1773187800000,MCH-010,C,1773037115000,1773058715000,OK,1,0.143,160.5,15.6,true,GOOD,95,TT-5.4,COL-C
TT-8836,ThermoTrack,PLANT_01,1773187800000,MCH-003,B,1772458521000,1772458701000,OK,2,0.224,137.0,14.53,false,FAIR,82,TT-5.4,COL-A
TT-8837,ThermoTrack,PLANT_01,1773187800000,MCH-009,A,1772712785000,1772713025000,OK,2,0.314,120.1,7.34,false,GOOD,92,TT-5.5,COL-C
TT-8838,ThermoTrack,PLANT_01,1773187800000,MCH-010,C,1772690195000,1772690315000,OK,2,0.16,123.0,18.93,true,FAIR,59,TT-4.9,COL-A
TT-8839,ThermoTrack,PLANT_01,1773187800000,MCH-010,C,1772819151000,1772819511000,OK,1,0.047,145.8,18.84,true,GOOD,91,TT-5.4,COL-C
TT-8840,ThermoTrack,PLANT_01,1773187800000,MCH-001,A,1772572348000,1772572588000,OK,1,0.132,135.0,36.77,true,GOOD,97,TT-4.9,COL-A
TT-8841,ThermoTrack,PLANT_01,1773187800000,MCH-008,B,1772354191000,1772354671000,OK,2,0.153,152.4,57.95,false,GOOD,94,TT-5.4,COL-B
TT-8842,ThermoTrack,PLANT_01,1773187800000,MCH-003,LINE-B,1772413685000,1772414165000,OK,1,0.198,141.9,11.74,true,GOOD,96,TT-5.5,COL-A
TT-8843,ThermoTrack,PLANT_01,1773187800000,MCH-001,A,1772449417000,1772449477000,OK,1,0.24,139.9,30.54,false,FAIR,77,TT-5.5,COL-A
TT-8844,ThermoTrack,PLANT_01,1773187800000,MCH-010,C,1772611614000,1772633214000,OK,1,0.179,160.8,21.34,true,GOOD,82,TT-5.4,COL-B
TT-8845,ThermoTrack,PLANT_01,1773187800000,MCH-001,A,1772502734000,1772502794000,OK,2,0.233,133.1,28.68,false,GOOD,93,TT-5.4,COL-C
TT-8846,ThermoTrack,PLANT_01,1773187800000,MCH-006,C,1773005243000,1773007043000,OK,1,0.184,142.3,22.51,true,FAIR,62,TT-5.4,COL-A
TT-8847,ThermoTrack,PLANT_01,1773187800000,MCH-002,A,1772883911000,1772884151000,OK,1,-0.01,158.4,42.81,true,FAIR,59,TT-5.4,COL-B
TT-8848,ThermoTrack,PLANT_01,1773187800000,MCH-001,A,1773097920000,1773098160000,OK,1,0.213,135.7,34.52,false,GOOD,88,TT-5.5,COL-B
TT-8849,ThermoTrack,PLANT_01,1773187800000,MCH-003,B,1772492664000,1772492904000,OK,1,0.199,150.0,10.07,true,GOOD,95,TT-5.5,COL-A
TT-8850,ThermoTrack,PLANT_01,1773187800000,MCH-010,C,1772722683000,1772723163000,OK,2,0.173,155.2,20.94,true,GOOD,89,TT-5.5,COL-C
TT-8851,ThermoTrack,PLANT_01,1773187800000,MCH-011,D,1772824136000,1772824316000,OK,2,0.119,129.0,10.97,true,GOOD,86,TT-5.4,COL-B
TT-8852,ThermoTrack,PLANT_01,1773187800000,MCH-004,B,1772599289000,1772599469000,OK,2,0.248,140.1,59.67,true,GOOD,84,TT-5.5,COL-C
TT-8853,ThermoTrack,PLANT_01,1773187800000,MCH-006,C,1772943844000,1772944084000,OK,2,0.084,124.7,25.79,true,GOOD,91,TT-4.9,COL-C
TT-8854,ThermoTrack,PLANT_01,1773187800000,MCH-005,A,1772582618000,1772584418000,OK,2,0.123,141.3,27.74,false,GOOD,92,TT-4.9,COL-C
TT-8855,ThermoTrack,PLANT_01,1773187800000,MCH-002,A,1773035506000,1773035806000,OK,2,0.154,138.8,46.87,true,FAIR,72,TT-5.4,COL-B
TT-8856,ThermoTrack,PLANT_01,1773187800000,MCH-007,C,1772571427000,1772571907000,OK,2,0.071,158.3,4.4,true,GOOD,90,TT-5.5,COL-A
TT-8857,ThermoTrack,PLANT_01,1773187800000,MCH-003,B,1772743660000,1772743840000,OK,2,0.124,137.3,16.47,true,GOOD,90,TT-4.9,COL-C
TT-8858,ThermoTrack,PLANT_01,1773187800000,MCH-005,A,1772362497000,1772362797000,OK,1,0.2,155.9,30.22,false,FAIR,81,TT-5.4,COL-A
TT-8859,ThermoTrack,PLANT_01,1773187800000,MCH-007,C,1772634588000,1772634888000,OK,1,0.254,172.6,11.29,true,GOOD,85,TT-5.5,COL-A
TT-8860,ThermoTrack,PLANT_01,1773187800000,MCH-003,B,1772922430000,1772922850000,OK,1,0.23,153.4,16.4,true,GOOD,89,TT-5.5,COL-C
TT-8861,ThermoTrack,PLANT_01,1773187800000,MCH-005,LINE-A,1772471027000,1772471387000,OK,2,0.239,128.9,36.74,true,FAIR,74,TT-5.5,COL-A
TT-8862,ThermoTrack,PLANT_01,1773187800000,MCH-008,B,1772914013000,1772914253000,OK,2,0.195,151.0,68.55,true,GOOD,97,TT-5.4,COL-C
TT-8863,ThermoTrack,PLANT_01,1773187800000,MCH-008,B,1772767785000,1772768025000,OK,1,0.138,152.1,61.59,false,GOOD,90,TT-5.4,COL-A
TT-8864,ThermoTrack,PLANT_01,1773187800000,MCH-010,C,1772957253000,1772957373000,OK,1,0.227,163.9,10.83,true,GOOD,83,TT-4.9,COL-B
TT-8865,ThermoTrack,PLANT_01,1773187800000,MCH-005,A,1772611389000,1772611629000,OK,2,0.156,171.3,30.45,false,GOOD,97,TT-5.4,COL-A
TT-8866,ThermoTrack,PLANT_01,1773187800000,MCH-009,A,1772515298000,1772515478000,OK,1,0.231,150.1,12.76,true,FAIR,62,TT-5.5,COL-A
TT-8867,ThermoTrack,PLANT_01,1773187800000,MCH-009,A,1772827792000,1772828152000,OK,1,0.053,144.9,10.1,true,GOOD,90,TT-5.5,COL-A
TT-8868,ThermoTrack,PLANT_01,1773187800000,MCH-008,B,1773024495000,1773024975000,OK,1,0.202,132.2,59.83,true,GOOD,94,TT-4.9,COL-B
TT-8869,ThermoTrack,PLANT_01,1773187800000,MCH-010,C,1772781941000,1772782121000,OK,2,0.198,129.7,22.13,true,FAIR,57,TT-5.5,COL-B
TT-8870,ThermoTrack,PLANT_01,1773187800000,MCH-002,A,1772728584000,1772728764000,OK,2,0.128,144.2,45.84,true,GOOD,86,TT-5.5,COL-A
TT-8871,ThermoTrack,PLANT_01,1773187800000,MCH-002,A,1772546457000,1772546637000,OK,2,0.179,157.1,44.11,true,GOOD,85,TT-5.4,COL-B
TT-8872,ThermoTrack,PLANT_01,1773187800000,MCH-006,LINE-C,1772703236000,1772703716000,OK,2,0.124,153.8,23.57,false,FAIR,64,TT-5.4,COL-A
TT-8873,ThermoTrack,PLANT_01,1773187800000,MCH-012,B,1772466707000,1772467067000,OK,2,0.247,150.3,47.37,true,GOOD,83,TT-4.9,COL-A
TT-8874,ThermoTrack,PLANT_01,1773187800000,MCH-010,C,1773068851000,1773069031000,OK,2,0.138,145.3,18.92,false,FAIR,65,TT-4.9,COL-C
TT-8875,ThermoTrack,PLANT_01,1773187800000,MCH-007,C,1772464689000,1772465109000,OK,1,0.229,151.5,14.08,true,GOOD,86,TT-4.9,COL-B
TT-8876,ThermoTrack,PLANT_01,1773187800000,MCH-012,B,1772530200000,1772530380000,OK,1,0.191,146.7,50.95,false,GOOD,97,TT-4.9,COL-B
TT-8877,ThermoTrack,PLANT_01,1773187800000,MCH-009,A,1772660139000,1772714139000,OK,2,0.268,120.8,11.74,false,GOOD,89,TT-5.5,COL-B
TT-8878,ThermoTrack,PLANT_01,1773187800000,MCH-003,B,1772823379000,1772823619000,OK,2,0.257,181.4,15.9,true,FAIR,62,TT-5.4,COL-A
TT-8879,ThermoTrack,PLANT_01,1773187800000,MCH-008,B,1772820443000,1772822243000,OK,2,0.177,132.5,64.2,true,FAIR,68,TT-5.5,COL-A
TT-8880,ThermoTrack,PLANT_01,1773187800000,MCH-005,A,1772353281000,1772353581000,OK,2,0.202,151.5,31.98,true,GOOD,87,TT-4.9,COL-B
TT-8881,ThermoTrack,PLANT_01,1773187800000,MCH-007,C,1773161885000,1773162065000,OK,1,0.273,155.6,19.98,true,GOOD,82,TT-5.4,COL-A
TT-8882,ThermoTrack,PLANT_01,1773187800000,MCH-004,B,1773152483000,1773152543000,OK,2,0.184,142.4,53.52,true,GOOD,88,TT-5.5,COL-B
TT-8883,ThermoTrack,PLANT_01,1773187800000,MCH-002,A,1772906478000,1772906838000,OK,1,0.204,136.5,50.01,true,GOOD,83,TT-4.9,COL-A
TT-8884,ThermoTrack,PLANT_01,1773187800000,MCH-008,B,1773119728000,1773120028000,OK,2,0.213,154.8,63.98,false,FAIR,62,TT-5.4,COL-C
TT-8885,ThermoTrack,PLANT_01,1773187800000,MCH-002,A,1772401263000,1772401683000,OK,1,0.308,179.2,49.5,true,GOOD,91,TT-5.5,COL-C
TT-8886,ThermoTrack,PLANT_01,1773187800000,MCH-001,A,1772477065000,1772477485000,OK,1,0.248,142.9,36.05,true,GOOD,92,TT-5.5,COL-C
TT-8887,ThermoTrack,PLANT_01,1773187800000,MCH-012,B,1772738382000,1772738562000,OK,2,0.277,139.8,51.72,true,GOOD,89,TT-5.5,COL-B
TT-8888,ThermoTrack,PLANT_01,1773187800000,MCH-010,C,1773031751000,1773031871000,OK,2,0.152,146.6,20.13,true,FAIR,61,TT-5.4,COL-B
TT-8889,ThermoTrack,PLANT_01,1773187800000,MCH-008,B,1773166427000,1773166907000,OK,2,0.056,140.1,70.5,false,GOOD,91,TT-5.4,COL-B
TT-8890,ThermoTrack,PLANT_01,1773187800000,MCH-004,B,1772723617000,1772723857000,OK,1,0.177,120.7,56.31,true,FAIR,75,TT-5.4,COL-C
TT-8891,ThermoTrack,PLANT_01,1773187800000,MCH-010,C,1772573005000,1772573725000,OK,2,0.223,,21.31,true,GOOD,95,TT-4.9,COL-C
TT-8892,ThermoTrack,PLANT_01,1773187800000,MCH-009,A,1773079058000,1773079478000,OK,1,0.29,129.2,12.11,false,FAIR,60,TT-4.9,COL-A
TT-8893,ThermoTrack,PLANT_01,1773187800000,MCH-001,A,1772745365000,1772745785000,OK,2,0.092,121.8,37.09,false,FAIR,61,TT-5.5,COL-A
TT-8894,ThermoTrack,PLANT_01,1773187800000,MCH-009,A,1772607079000,1772607379000,OK,1,0.184,151.2,13.07,true,GOOD,85,TT-5.5,COL-A
TT-8895,ThermoTrack,PLANT_01,1773187800000,MCH-006,C,1773144229000,1773144949000,OK,2,0.111,144.1,16.72,true,GOOD,84,TT-5.4,COL-B
TT-8896,ThermoTrack,PLANT_01,1773187800000,MCH-002,A,1773124604000,1773125024000,OK,1,0.111,118.0,46.21,false,GOOD,98,TT-5.4,COL-A
TT-8897,ThermoTrack,PLANT_01,1773187800000,MCH-003,B,1772949870000,1772950110000,OK,1,0.278,142.0,22.72,true,FAIR,69,TT-5.4,COL-C
TT-8898,ThermoTrack,PLANT_01,1773187800000,MCH-004,B,1772976539000,1772976659000,OK,2,0.059,137.6,51.67,true,GOOD,97,TT-4.9,COL-C
TT-8899,ThermoTrack,PLANT_01,1773187800000,MCH-009,A,1772440959000,1772441139000,OK,1,0.199,128.3,12.12,true,GOOD,94,TT-5.5,COL-B
TT-8900,ThermoTrack,PLANT_01,1773187800000,MCH-012,B,1772845163000,1772845343000,OK,1,0.254,125.3,50.07,true,GOOD,98,TT-5.4,COL-B
TT-8901,ThermoTrack,PLANT_01,1773187800000,MCH-002,A,1772582929000,1772583049000,OK,2,0.167,150.6,40.31,true,GOOD,91,TT-5.4,COL-B
TT-8902,ThermoTrack,PLANT_01,1773187800000,MCH-009,A,1772363239000,1772363299000,OK,2,0.143,154.0,13.99,false,GOOD,97,TT-5.5,COL-B
TT-8903,ThermoTrack,PLANT_01,1773187800000,MCH-006,C,1772583010000,1772583190000,OK,1,0.212,148.6,18.91,true,FAIR,62,TT-5.4,COL-C
TT-8904,ThermoTrack,PLANT_01,1773187800000,MCH-006,C,1772591856000,1772592156000,OK,1,0.117,136.2,22.14,true,GOOD,94,TT-4.9,COL-B
TT-8905,ThermoTrack,PLANT_01,1773187800000,MCH-003,B,1772929134000,1772929314000,OK,1,0.168,136.1,17.83,true,GOOD,85,TT-5.4,COL-C
TT-8906,ThermoTrack,PLANT_01,1773187800000,MCH-001,A,1772568947000,1772569307000,OK,1,0.178,142.9,28.97,true,GOOD,82,TT-5.5,COL-A
TT-8907,ThermoTrack,PLANT_01,1773187800000,MCH-005,A,1772467726000,1772467966000,OK,1,0.216,137.2,25.02,false,GOOD,88,TT-5.5,COL-B
TT-8908,ThermoTrack,PLANT_01,1773187800000,MCH-011,D,1772753223000,1772753343000,OK,2,0.227,158.4,8.09,true,GOOD,86,TT-5.4,COL-B
TT-8909,ThermoTrack,PLANT_01,1773187800000,MCH-009,A,1772788430000,1772788910000,OK,1,0.133,139.3,9.31,false,GOOD,86,TT-4.9,COL-B
TT-8910,ThermoTrack,PLANT_01,1773187800000,MCH-005,A,1772865572000,1772865872000,OK,1,0.128,159.8,34.07,false,GOOD,82,TT-5.4,COL-A
TT-8911,ThermoTrack,PLANT_01,1773187800000,MCH-010,C,1772571051000,1772571171000,OK,1,0.184,127.2,14.82,false,GOOD,95,TT-5.4,COL-B
TT-8912,ThermoTrack,PLANT_01,1773187800000,MCH-003,LINE-B,1772429866000,1772430226000,OK,2,0.152,142.7,13.86,false,GOOD,88,TT-5.4,COL-B
TT-8913,ThermoTrack,PLANT_01,1773187800000,MCH-004,B,1773069255000,1773069495000,OK,2,0.116,145.5,49.35,true,FAIR,58,TT-5.5,COL-C
TT-8914,ThermoTrack,PLANT_01,1773187800000,MCH-002,A,1773048673000,1773049153000,OK,1,0.145,142.7,45.79,true,FAIR,65,TT-4.9,COL-A
TT-8915,ThermoTrack,PLANT_01,1773187800000,MCH-002,A,1772569310000,1772569550000,OK,1,0.268,,39.34,false,FAIR,58,TT-4.9,COL-C
TT-8916,ThermoTrack,PLANT_01,1773187800000,MCH-003,B,1772889077000,1772889137000,OK,1,0.158,135.0,19.64,true,GOOD,88,TT-5.4,COL-C
TT-8917,ThermoTrack,PLANT_01,1773187800000,MCH-001,A,1772499552000,1772499912000,OK,1,0.196,154.5,39.05,false,GOOD,91,TT-5.4,COL-C
TT-8918,ThermoTrack,PLANT_01,1773187800000,MCH-001,A,1772479590000,1772479830000,OK,2,0.205,156.6,35.19,false,GOOD,86,TT-5.5,COL-A
TT-8919,ThermoTrack,PLANT_01,1773187800000,MCH-008,B,1772486537000,1772487017000,OK,2,0.207,140.4,69.93,false,GOOD,90,TT-4.9,COL-A
TT-8920,ThermoTrack,PLANT_01,1773187800000,MCH-001,A,1772613744000,1772667744000,VIBRATION_WARN,4,0.747,197.9,33.6,true,GOOD,85,TT-5.5,COL-C
TT-8921,ThermoTrack,PLANT_01,1773187800000,MCH-004,B,1773048352000,1773048472000,VIBRATION_WARN,3,0.645,168.7,66.64,true,FAIR,65,TT-4.9,COL-A
TT-8922,ThermoTrack,PLANT_01,1773187800000,MCH-001,A,1772649635000,1772649875000,VIBRATION_WARN,3,0.348,167.5,37.41,true,POOR,29,TT-4.9,COL-B
TT-8923,ThermoTrack,PLANT_01,1773187800000,MCH-001,A,1773031900000,1773031960000,VIBRATION_WARN,3,0.539,149.2,41.47,true,FAIR,57,TT-5.4,COL-C
TT-8924,ThermoTrack,PLANT_01,1773187800000,MCH-008,B,1772899085000,1772899145000,VIBRATION_WARN,3,0.661,157.2,62.65,true,GOOD,82,TT-5.5,COL-B
TT-8925,ThermoTrack,PLANT_01,1773187800000,MCH-005,A,1772436410000,1772436590000,VIBRATION_WARN,4,0.752,151.0,43.45,true,POOR,59,TT-5.4,COL-B
TT-8926,ThermoTrack,PLANT_01,1773187800000,MCH-005,A,1772362892000,1772363252000,VIBRATION_WARN,4,0.899,,34.37,true,GOOD,84,TT-5.5,COL-C
TT-8927,ThermoTrack,PLANT_01,1773187800000,MCH-001,A,1772694516000,1772694696000,VIBRATION_WARN,3,0.558,175.2,38.48,true,FAIR,78,TT-4.9,COL-C
TT-8928,ThermoTrack,PLANT_01,1773187800000,MCH-001,A,1772784963000,1772838963000,VIBRATION_WARN,4,0.864,169.8,44.95,true,POOR,37,TT-5.4,COL-A
TT-8929,ThermoTrack,PLANT_01,1773187800000,MCH-008,B,1772571773000,1772572253000,VIBRATION_WARN,3,0.824,139.5,68.66,true,FAIR,71,TT-5.5,COL-C
TT-8930,ThermoTrack,PLANT_01,1773187800000,MCH-008,B,1772842601000,1772842781000,VIBRATION_WARN,3,0.426,154.2,71.63,true,GOOD,91,TT-5.4,COL-A
TT-8931,ThermoTrack,PLANT_01,1773187800000,MCH-001,A,1772735868000,1772735928000,VIBRATION_WARN,3,0.376,186.3,34.9,true,FAIR,75,TT-5.4,COL-B
TT-8932,ThermoTrack,PLANT_01,1773187800000,MCH-009,A,1772690568000,1772690748000,VIBRATION_WARN,4,0.73,168.5,14.69,true,POOR,25,TT-5.5,COL-B
TT-8933,ThermoTrack,PLANT_01,1773187800000,MCH-005,A,1773101837000,1773102017000,VIBRATION_WARN,4,0.345,161.3,20.88,true,GOOD,90,TT-5.5,COL-C
TT-8934,ThermoTrack,PLANT_01,1773187800000,MCH-008,B,1772383723000,1772383963000,VIBRATION_WARN,4,0.682,191.7,71.14,true,GOOD,93,TT-5.5,COL-C
TT-8935,ThermoTrack,PLANT_01,1773187800000,MCH-005,A,1773020047000,1773020107000,VIBRATION_WARN,4,0.711,132.7,34.9,true,POOR,57,TT-5.4,COL-C
TT-8936,ThermoTrack,PLANT_01,1773187800000,MCH-004,B,1772807413000,1772807593000,VIBRATION_WARN,3,0.485,151.9,61.98,true,FAIR,70,TT-5.5,COL-A
TT-8937,ThermoTrack,PLANT_01,1773187800000,MCH-005,A,1772815434000,1772815554000,VIBRATION_WARN,4,0.796,136.7,33.23,true,FAIR,58,TT-5.4,COL-C
TT-8938,ThermoTrack,PLANT_01,1773187800000,MCH-004,B,1772336055000,1772336175000,VIBRATION_WARN,4,0.747,152.1,66.38,true,POOR,59,TT-4.9,COL-A
TT-8939,ThermoTrack,PLANT_01,1773187800000,MCH-005,A,1772922650000,1772922770000,VIBRATION_WARN,4,0.787,169.6,33.14,true,GOOD,89,TT-4.9,COL-B
TT-8940,ThermoTrack,PLANT_01,1773187800000,MCH-005,LINE-A,1772349157000,1772349337000,VIBRATION_WARN,3,0.607,165.8,27.87,true,FAIR,65,TT-5.5,COL-A
TT-8941,ThermoTrack,PLANT_01,1773187800000,MCH-001,A,1772359064000,1772359544000,VIBRATION_WARN,4,0.886,181.3,40.65,true,FAIR,68,TT-4.9,COL-C
TT-8942,ThermoTrack,PLANT_01,1773187800000,MCH-001,A,1773056888000,1773057248000,VIBRATION_WARN,4,0.733,165.6,37.88,true,GOOD,94,TT-5.4,COL-B
TT-8943,ThermoTrack,PLANT_01,1773187800000,MCH-001,A,1772771104000,1772771284000,VIBRATION_WARN,4,0.853,160.4,48.8,true,FAIR,70,TT-5.5,COL-B
TT-8944,ThermoTrack,PLANT_01,1773187800000,MCH-008,B,1772956437000,1772957157000,VIBRATION_WARN,3,0.47,127.6,57.1,true,FAIR,80,TT-5.5,COL-A
TT-8945,ThermoTrack,PLANT_01,1773187800000,MCH-005,A,1772556570000,1772556630000,VIBRATION_WARN,3,0.458,171.8,28.93,true,GOOD,83,TT-4.9,COL-C
TT-8946,ThermoTrack,PLANT_01,1773187800000,MCH-004,B,1773112878000,1773118278000,VIBRATION_WARN,4,0.575,127.4,52.7,true,POOR,38,TT-4.9,COL-C
TT-8947,ThermoTrack,PLANT_01,1773187800000,MCH-004,B,1772913347000,1772913527000,VIBRATION_WARN,4,0.914,176.7,65.42,true,POOR,56,TT-4.9,COL-A
TT-8948,ThermoTrack,PLANT_01,1773187800000,MCH-009,A,1772510346000,1772510766000,VIBRATION_WARN,3,0.771,182.4,6.78,true,FAIR,68,TT-4.9,COL-A
TT-8949,ThermoTrack,PLANT_01,1773187800000,MCH-009,A,1772788149000,1772788389000,VIBRATION_WARN,4,0.637,149.6,5.01,true,POOR,58,TT-5.5,COL-C
TT-8950,ThermoTrack,PLANT_01,1773187800000,MCH-001,A,1772834588000,1772834708000,VIBRATION_WARN,3,0.717,191.1,24.52,true,GOOD,95,TT-4.9,COL-A
TT-8951,ThermoTrack,PLANT_01,1773187800000,MCH-005,LINE-A,1773073342000,1773073582000,VIBRATION_WARN,3,0.435,170.7,35.23,true,POOR,29,TT-5.4,COL-C
TT-8952,ThermoTrack,PLANT_01,1773187800000,MCH-005,A,1772654339000,1772654639000,VIBRATION_WARN,3,0.396,164.9,37.92,true,FAIR,75,TT-5.4,COL-A
TT-8953,ThermoTrack,PLANT_01,1773187800000,MCH-005,A,1772543100000,1772543520000,VIBRATION_WARN,3,0.455,146.2,23.43,true,POOR,32,TT-4.9,COL-B
TT-8954,ThermoTrack,PLANT_01,1773187800000,MCH-008,B,1773132594000,1773132714000,VIBRATION_WARN,3,0.344,171.4,69.66,true,GOOD,92,TT-5.5,COL-A
TT-8955,ThermoTrack,PLANT_01,1773187800000,MCH-008,B,1772836152000,1772836452000,VIBRATION_WARN,4,0.609,145.3,74.47,true,FAIR,77,TT-5.4,COL-C
TT-8956,ThermoTrack,PLANT_01,1773187800000,MCH-005,A,1773171566000,1773172046000,VIBRATION_WARN,3,0.598,151.4,30.86,true,GOOD,83,TT-4.9,COL-C
TT-8957,ThermoTrack,PLANT_01,1773187800000,MCH-001,A,1773087736000,1773087976000,VIBRATION_WARN,3,0.394,178.2,36.81,true,FAIR,66,TT-5.4,COL-B
TT-8958,ThermoTrack,PLANT_01,1773187800000,MCH-009,A,1772717706000,1772717826000,VIBRATION_WARN,4,0.738,158.0,15.32,true,GOOD,82,TT-5.4,COL-B
TT-8959,ThermoTrack,PLANT_01,1773187800000,MCH-001,A,1772827782000,1772828082000,VIBRATION_WARN,4,0.876,180.6,34.06,true,GOOD,83,TT-4.9,COL-B
TT-8960,ThermoTrack,PLANT_01,1773187800000,MCH-001,A,1773172645000,1773194245000,VIBRATION_WARN,4,0.684,116.7,37.96,true,GOOD,90,TT-5.5,COL-B
TT-8961,ThermoTrack,PLANT_01,1773187800000,MCH-004,B,1772462577000,1772484177000,VIBRATION_WARN,4,0.739,,45.72,true,GOOD,87,TT-5.4,COL-B
TT-8962,ThermoTrack,PLANT_01,1773187800000,MCH-005,A,1772735950000,1772736190000,VIBRATION_WARN,4,0.72,163.0,27.06,true,POOR,54,TT-4.9,COL-B
TT-8963,ThermoTrack,PLANT_01,1773187800000,MCH-005,A,1772655914000,1772677514000,VIBRATION_WARN,4,0.783,164.0,35.77,true,POOR,51,TT-5.4,COL-B
TT-8964,ThermoTrack,PLANT_01,1773187800000,MCH-005,A,1773117069000,1773118869000,VIBRATION_WARN,3,0.342,164.2,34.3,true,FAIR,57,TT-4.9,COL-C
TT-8965,ThermoTrack,PLANT_01,1773187800000,MCH-005,A,1773087321000,1773087561000,VIBRATION_WARN,4,0.975,154.4,31.17,true,GOOD,94,TT-5.4,COL-C
TT-8966,ThermoTrack,PLANT_01,1773187800000,MCH-004,B,1773082663000,1773082843000,VIBRATION_WARN,4,0.801,167.3,67.35,true,FAIR,82,TT-5.4,COL-C
TT-8967,ThermoTrack,PLANT_01,1773187800000,MCH-004,B,1772549142000,1772549262000,VIBRATION_WARN,4,0.963,161.2,56.43,true,FAIR,66,TT-4.9,COL-C
TT-8968,ThermoTrack,PLANT_01,1773187800000,MCH-005,A,1773119748000,1773120228000,VIBRATION_WARN,3,0.372,158.5,27.9,true,FAIR,72,TT-5.4,COL-C
TT-8969,ThermoTrack,PLANT_01,1773187800000,MCH-005,A,1772697229000,1772697649000,VIBRATION_WARN,3,0.606,163.5,22.78,true,POOR,28,TT-5.5,COL-C
TT-8970,ThermoTrack,PLANT_01,1773187800000,MCH-004,B,1772808767000,1772809007000,VIBRATION_WARN,3,0.24,170.6,51.84,true,GOOD,90,TT-5.5,COL-B
TT-8971,ThermoTrack,PLANT_01,1773187800000,MCH-008,B,1772649463000,1772649763000,VIBRATION_WARN,4,0.714,163.1,72.44,true,FAIR,67,TT-4.9,COL-B
TT-8972,ThermoTrack,PLANT_01,1773187800000,MCH-001,A,1772670232000,1772670652000,VIBRATION_WARN,4,0.842,170.3,43.15,true,FAIR,82,TT-4.9,COL-C
TT-8973,ThermoTrack,PLANT_01,1773187800000,MCH-009,A,1772657605000,1772659405000,VIBRATION_WARN,3,0.534,192.3,19.33,true,FAIR,67,TT-5.4,COL-C
TT-8974,ThermoTrack,PLANT_01,1773187800000,MCH-001,A,1772843978000,1772844458000,VIBRATION_WARN,4,0.698,193.6,46.13,true,GOOD,94,TT-5.5,COL-A
TT-8975,ThermoTrack,PLANT_01,1773187800000,MCH-004,B,1773066391000,1773066511000,VIBRATION_WARN,4,0.802,153.6,61.9,true,GOOD,85,TT-5.5,COL-A
TT-8976,ThermoTrack,PLANT_01,1773187800000,MCH-001,A,1772835893000,1772836013000,VIBRATION_WARN,4,0.961,152.6,36.66,true,GOOD,96,TT-5.5,COL-A
TT-8977,ThermoTrack,PLANT_01,1773187800000,MCH-001,LINE-A,1773039731000,1773039791000,VIBRATION_WARN,4,0.669,156.5,30.53,true,GOOD,86,TT-5.4,COL-B
TT-8978,ThermoTrack,PLANT_01,1773187800000,MCH-009,A,1773102185000,1773156185000,VIBRATION_WARN,3,0.675,166.9,12.3,true,POOR,28,TT-5.5,COL-A
TT-8979,ThermoTrack,PLANT_01,1773187800000,MCH-001,A,1772450775000,1772451195000,VIBRATION_WARN,4,0.475,186.8,46.03,true,POOR,48,TT-5.5,COL-B
TT-8980,ThermoTrack,PLANT_01,1773187800000,MCH-008,B,1772459071000,1772459431000,VIBRATION_WARN,4,0.669,113.7,67.9,true,FAIR,80,TT-5.5,COL-A
TT-8981,ThermoTrack,PLANT_01,1773187800000,MCH-005,A,1772622579000,1772622819000,VIBRATION_WARN,3,,158.3,29.15,true,FAIR,75,TT-4.9,COL-C
TT-8982,ThermoTrack,PLANT_01,1773187800000,MCH-008,B,1772394675000,1772394795000,VIBRATION_WARN,3,0.613,144.0,60.24,true,GOOD,97,TT-5.4,COL-C
TT-8983,ThermoTrack,PLANT_01,1773187800000,MCH-004,B,1772869367000,1772869547000,VIBRATION_WARN,3,0.496,151.6,57.44,true,POOR,48,TT-4.9,COL-B
TT-8984,ThermoTrack,PLANT_01,1773187800000,MCH-004,B,1772610941000,1772611301000,VIBRATION_WARN,4,0.939,166.2,59.55,true,FAIR,71,TT-5.4,COL-C
TT-8985,ThermoTrack,PLANT_01,1773187800000,MCH-004,B,1773125706000,1773125826000,VIBRATION_WARN,3,0.571,171.0,60.03,true,GOOD,98,TT-5.5,COL-B
TT-8986,ThermoTrack,PLANT_01,1773187800000,MCH-001,A,1773028595000,1773028775000,VIBRATION_WARN,4,0.835,152.5,45.12,true,POOR,49,TT-5.5,COL-B
TT-8987,ThermoTrack,PLANT_01,1773187800000,MCH-008,B,1772680235000,1772680715000,VIBRATION_WARN,4,0.595,166.8,78.32,true,FAIR,78,TT-5.5,COL-A
TT-8988,ThermoTrack,PLANT_01,1773187800000,MCH-004,B,1772501805000,1772502165000,VIBRATION_WARN,4,0.46,190.1,56.87,true,FAIR,81,TT-5.5,COL-A
TT-8989,ThermoTrack,PLANT_01,1773187800000,MCH-001,A,1772890056000,1772890296000,VIBRATION_WARN,3,0.531,127.9,48.37,true,FAIR,62,TT-5.5,COL-C
TT-8990,ThermoTrack,PLANT_01,1773187800000,MCH-005,A,1772563610000,1772564090000,VIBRATION_WARN,3,0.478,146.8,46.86,true,FAIR,64,TT-5.4,COL-C
TT-8991,ThermoTrack,PLANT_01,1773187800000,MCH-005,A,1773173956000,1773174136000,VIBRATION_WARN,4,0.553,,36.76,true,POOR,53,TT-5.5,COL-C
TT-8992,ThermoTrack,PLANT_01,1773187800000,MCH-001,A,1772805225000,1772805345000,VIBRATION_WARN,4,0.908,193.6,50.26,true,FAIR,67,TT-4.9,COL-A
TT-8993,ThermoTrack,PLANT_01,1773187800000,MCH-001,A,1772366896000,1772367256000,VIBRATION_WARN,4,0.453,138.5,44.44,true,POOR,35,TT-4.9,COL-C
TT-8994,ThermoTrack,PLANT_01,1773187800000,MCH-005,A,1772383071000,1772384871000,VIBRATION_WARN,3,0.422,169.3,38.63,true,FAIR,66,TT-5.4,COL-C
TT-8995,ThermoTrack,PLANT_01,1773187800000,MCH-004,B,1773176045000,1773176765000,VIBRATION_WARN,3,0.592,139.6,65.8,true,FAIR,61,TT-4.9,COL-A
TT-8996,ThermoTrack,PLANT_01,1773187800000,MCH-009,A,1772889986000,1772890106000,VIBRATION_WARN,4,1.068,188.8,20.54,true,POOR,33,TT-5.4,COL-A
TT-8997,ThermoTrack,PLANT_01,1773187800000,MCH-008,B,1773011729000,1773011969000,VIBRATION_WARN,4,0.52,170.5,76.73,true,GOOD,96,TT-4.9,COL-C
TT-8998,ThermoTrack,PLANT_01,1773187800000,MCH-009,A,1773070288000,1773070648000,VIBRATION_WARN,3,0.622,173.1,23.94,true,FAIR,76,TT-5.5,COL-C
TT-8999,ThermoTrack,PLANT_01,1773187800000,MCH-008,B,1773120679000,1773120859000,VIBRATION_WARN,3,0.715,190.5,70.17,true,GOOD,82,TT-5.4,COL-A
TT-9000,ThermoTrack,PLANT_01,1773187800000,MCH-004,B,1772692388000,1772692508000,VIBRATION_WARN,3,0.612,177.9,52.22,true,FAIR,80,TT-4.9,COL-C
TT-9001,ThermoTrack,PLANT_01,1773187800000,MCH-004,B,1772662568000,1772662928000,VIBRATION_WARN,4,0.873,137.1,59.87,true,FAIR,64,TT-5.4,COL-A
TT-9002,ThermoTrack,PLANT_01,1773187800000,MCH-001,A,1772396876000,1772397236000,VIBRATION_WARN,3,0.724,219.0,41.92,true,GOOD,90,TT-4.9,COL-C
TT-9003,ThermoTrack,PLANT_01,1773187800000,MCH-001,A,1773029866000,1773029986000,VIBRATION_WARN,3,0.261,180.0,43.28,true,FAIR,82,TT-4.9,COL-C
TT-9004,ThermoTrack,PLANT_01,1773187800000,MCH-004,B,1772541284000,1772541764000,VIBRATION_WARN,4,0.766,171.1,59.42,true,GOOD,96,TT-5.5,COL-C
TT-9005,ThermoTrack,PLANT_01,1773187800000,MCH-001,A,1772758537000,1772759017000,VIBRATION_WARN,4,0.633,178.6,41.11,true,POOR,55,TT-5.4,COL-A
TT-9006,ThermoTrack,PLANT_01,1773187800000,MCH-008,B,1772828647000,1772828767000,VIBRATION_WARN,3,0.656,173.7,79.48,true,POOR,22,TT-4.9,COL-A
TT-9007,ThermoTrack,PLANT_01,1773187800000,MCH-005,A,1773121786000,1773121906000,VIBRATION_WARN,4,0.664,168.3,43.4,true,FAIR,62,TT-5.5,COL-C
TT-9008,ThermoTrack,PLANT_01,1773187800000,MCH-001,A,1772401503000,1772401623000,VIBRATION_WARN,4,0.799,150.8,44.65,true,FAIR,55,TT-5.5,COL-A
TT-9009,ThermoTrack,PLANT_01,1773187800000,MCH-005,A,1773168033000,1773168393000,VIBRATION_WARN,4,,174.2,28.22,true,FAIR,81,TT-5.5,COL-B
TT-9010,ThermoTrack,PLANT_01,1773187800000,MCH-008,LINE-B,1772752612000,1772752672000,VIBRATION_WARN,3,0.444,186.0,72.79,true,FAIR,68,TT-5.4,COL-B
TT-9011,ThermoTrack,PLANT_01,1773187800000,MCH-009,A,1772939437000,1772940157000,VIBRATION_WARN,3,0.559,133.0,23.6,true,POOR,56,TT-4.9,COL-C
TT-9012,ThermoTrack,PLANT_01,1773187800000,MCH-004,B,1772588196000,1772588256000,VIBRATION_WARN,3,0.617,154.4,67.17,true,GOOD,91,TT-5.5,COL-B
TT-9013,ThermoTrack,PLANT_01,1773187800000,MCH-008,B,1772843431000,1772843851000,VIBRATION_WARN,3,0.486,155.4,61.31,true,POOR,33,TT-5.5,COL-B
TT-9014,ThermoTrack,PLANT_01,1773187800000,MCH-009,A,1772799990000,1772800290000,VIBRATION_WARN,4,0.619,165.4,27.31,true,FAIR,74,TT-5.4,COL-A
TT-9015,ThermoTrack,PLANT_01,1773187800000,MCH-004,B,1772582830000,1772583010000,VIBRATION_WARN,4,0.981,128.3,61.67,true,GOOD,95,TT-4.9,COL-C
TT-9016,ThermoTrack,PLANT_01,1773187800000,MCH-004,B,1772943351000,1772943831000,VIBRATION_WARN,4,0.835,199.4,66.8,true,GOOD,85,TT-5.4,COL-C
TT-9017,ThermoTrack,PLANT_01,1773187800000,MCH-008,B,1772818300000,1772818480000,VIBRATION_WARN,4,0.921,155.6,73.67,true,POOR,52,TT-4.9,COL-A
TT-9018,ThermoTrack,PLANT_01,1773187800000,MCH-004,B,1772756072000,1772756492000,VIBRATION_WARN,4,0.464,162.5,59.35,true,FAIR,76,TT-5.4,COL-A
TT-9019,ThermoTrack,PLANT_01,1773187800000,MCH-005,A,1772406859000,1772407279000,VIBRATION_WARN,4,0.944,179.1,37.04,true,POOR,49,TT-4.9,COL-B
TT-9020,ThermoTrack,PLANT_01,1773187800000,MCH-004,B,1772982119000,1772982299000,VIBRATION_WARN,4,0.797,162.1,57.35,true,GOOD,95,TT-5.5,COL-A
TT-9021,ThermoTrack,PLANT_01,1773187800000,MCH-005,A,1772865701000,1772887301000,VIBRATION_WARN,3,0.608,178.2,41.22,true,FAIR,60,TT-4.9,COL-A
TT-9022,ThermoTrack,PLANT_01,1773187800000,MCH-008,B,1772737724000,1772738024000,VIBRATION_WARN,4,0.598,173.9,63.98,true,FAIR,59,TT-5.5,COL-A
TT-9023,ThermoTrack,PLANT_01,1773187800000,MCH-001,A,1772655486000,1772655846000,VIBRATION_WARN,4,1.032,204.6,32.76,true,POOR,52,TT-5.4,COL-C
TT-9024,ThermoTrack,PLANT_01,1773187800000,MCH-001,A,1772751668000,1772751848000,VIBRATION_WARN,4,0.963,156.8,41.1,true,POOR,27,TT-4.9,COL-C
TT-9025,ThermoTrack,PLANT_01,1773187800000,MCH-001,A,1772973168000,1772973408000,VIBRATION_WARN,3,0.875,164.7,38.37,true,FAIR,63,TT-4.9,COL-C
TT-9026,ThermoTrack,PLANT_01,1773187800000,MCH-001,A,1772650009000,1772650129000,VIBRATION_WARN,3,0.475,179.4,35.96,true,FAIR,82,TT-4.9,COL-B
TT-9027,ThermoTrack,PLANT_01,1773187800000,MCH-001,A,1773097536000,1773097596000,VIBRATION_WARN,4,0.703,168.8,39.24,true,GOOD,82,TT-5.5,COL-C
TT-9028,ThermoTrack,PLANT_01,1773187800000,MCH-001,A,1772590085000,1772590505000,VIBRATION_WARN,4,0.566,162.2,46.18,true,GOOD,90,TT-4.9,COL-C
TT-9029,ThermoTrack,PLANT_01,1773187800000,MCH-004,B,1773114358000,1773114478000,VIBRATION_WARN,3,0.483,142.4,56.5,true,FAIR,65,TT-5.4,COL-A
TT-9030,ThermoTrack,PLANT_01,1773187800000,MCH-004,B,1773033338000,1773033398000,VIBRATION_WARN,3,0.359,190.6,62.29,true,POOR,25,TT-5.5,COL-C
TT-9031,ThermoTrack,PLANT_01,1773187800000,MCH-008,B,1772546453000,1772546513000,VIBRATION_WARN,4,0.787,180.1,61.01,true,FAIR,56,TT-4.9,COL-C
TT-9032,ThermoTrack,PLANT_01,1773187800000,MCH-004,B,1772619231000,1772619651000,VIBRATION_WARN,3,0.684,150.5,74.24,true,FAIR,80,TT-4.9,COL-B
TT-9033,ThermoTrack,PLANT_01,1773187800000,MCH-005,A,1772726643000,1772727123000,VIBRATION_WARN,4,0.78,151.4,44.57,true,FAIR,73,TT-5.5,COL-B
TT-9034,ThermoTrack,PLANT_01,1773187800000,MCH-009,A,1772512250000,1772512430000,VIBRATION_WARN,3,0.575,153.0,18.03,true,FAIR,79,TT-5.5,COL-C
TT-9035,ThermoTrack,PLANT_01,1773187800000,MCH-005,A,1772429785000,1772430505000,VIBRATION_WARN,4,0.633,154.9,34.73,true,POOR,50,TT-4.9,COL-C
TT-9036,ThermoTrack,PLANT_01,1773187800000,MCH-005,A,1772717588000,1772717708000,VIBRATION_WARN,4,0.74,151.4,30.1,true,GOOD,98,TT-4.9,COL-C
TT-9037,ThermoTrack,PLANT_01,1773187800000,MCH-004,B,1772382120000,1772382300000,VIBRATION_WARN,3,0.716,180.1,65.83,true,POOR,20,TT-5.5,COL-B
TT-9038,ThermoTrack,PLANT_01,1773187800000,MCH-001,A,1773029306000,1773029366000,VIBRATION_WARN,4,0.729,180.5,32.16,true,POOR,50,TT-5.5,COL-A
TT-9039,ThermoTrack,PLANT_01,1773187800000,MCH-005,A,1773007837000,1773008137000,VIBRATION_WARN,4,0.882,148.5,28.59,true,FAIR,71,TT-5.5,COL-B
TT-9040,ThermoTrack,PLANT_01,1773187800000,MCH-004,B,1772586963000,1772587143000,HEAT_CRITICAL,4,0.302,188.3,55.43,true,FAIR,58,TT-5.4,COL-C
TT-9041,ThermoTrack,PLANT_01,1773187800000,MCH-001,A,1772603869000,1772604169000,HEAT_CRITICAL,5,0.222,196.2,44.35,true,FAIR,96,TT-4.9,COL-B
TT-9042,ThermoTrack,PLANT_01,1773187800000,MCH-008,B,1773128944000,1773129364000,HEAT_CRITICAL,5,0.241,212.6,74.01,true,POOR,41,TT-5.4,COL-A
TT-9043,ThermoTrack,PLANT_01,1773187800000,MCH-006,C,1773102554000,1773102734000,HEAT_CRITICAL,4,0.257,166.1,36.87,true,GOOD,94,TT-4.9,COL-A
TT-9044,ThermoTrack,PLANT_01,1773187800000,MCH-004,B,1772662691000,1772662931000,HEAT_CRITICAL,5,0.39,213.2,80.83,true,FAIR,77,TT-4.9,COL-A
TT-9045,ThermoTrack,PLANT_01,1773187800000,MCH-006,C,1773094175000,1773094475000,HEAT_CRITICAL,3,0.432,165.7,30.51,true,POOR,59,TT-5.5,COL-C
TT-9046,ThermoTrack,PLANT_01,1773187800000,MCH-008,B,1773086409000,1773086709000,HEAT_CRITICAL,4,0.101,181.0,94.81,true,FAIR,63,TT-5.4,COL-C
TT-9047,ThermoTrack,PLANT_01,1773187800000,MCH-001,A,1772854487000,1772854847000,HEAT_CRITICAL,5,0.265,205.6,46.64,true,POOR,27,TT-4.9,COL-C
TT-9048,ThermoTrack,PLANT_01,1773187800000,MCH-006,C,1772708458000,1772762458000,HEAT_CRITICAL,4,0.33,212.0,26.42,true,GOOD,25,TT-5.4,COL-A
TT-9049,ThermoTrack,PLANT_01,1773187800000,MCH-002,A,1772325241000,1772325721000,HEAT_CRITICAL,4,0.245,182.1,49.39,true,GOOD,85,TT-5.5,COL-A
TT-9050,ThermoTrack,PLANT_01,1773187800000,MCH-006,C,1773106505000,1773106565000,HEAT_CRITICAL,4,0.3,204.0,34.86,true,POOR,55,TT-5.4,COL-B
TT-9051,ThermoTrack,PLANT_01,1773187800000,MCH-006,C,1773174877000,1773175597000,HEAT_CRITICAL,4,0.367,158.3,35.2,true,GOOD,94,TT-4.9,COL-A
TT-9052,ThermoTrack,PLANT_01,1773187800000,MCH-006,C,1772980284000,1772980524000,HEAT_CRITICAL,4,0.294,180.5,33.11,true,POOR,48,TT-5.4,COL-B
TT-9053,ThermoTrack,PLANT_01,1773187800000,MCH-008,B,1772904617000,1772904797000,HEAT_CRITICAL,5,0.413,219.0,66.09,true,GOOD,94,TT-5.4,COL-C
TT-9054,ThermoTrack,PLANT_01,1773187800000,MCH-002,A,1772749295000,1772749415000,HEAT_CRITICAL,4,0.375,150.1,57.48,true,POOR,43,TT-5.4,COL-C
TT-9055,ThermoTrack,PLANT_01,1773187800000,MCH-006,C,1772693821000,1772694001000,HEAT_CRITICAL,4,0.448,218.9,41.1,true,FAIR,57,TT-4.9,COL-B
TT-9056,ThermoTrack,PLANT_01,1773187800000,MCH-001,A,1772394830000,1772395010000,HEAT_CRITICAL,5,0.433,203.2,50.32,true,GOOD,94,TT-5.4,COL-C
TT-9057,ThermoTrack,PLANT_01,1773187800000,MCH-008,B,1773143861000,1773144341000,HEAT_CRITICAL,4,0.254,213.8,57.12,true,FAIR,69,TT-5.5,COL-C
TT-9058,ThermoTrack,PLANT_01,1773187800000,MCH-008,B,1772585098000,1772585458000,HEAT_CRITICAL,4,0.15,209.0,79.24,true,POOR,20,TT-5.4,COL-A
TT-9059,ThermoTrack,PLANT_01,1773187800000,MCH-004,B,1772684131000,1772684431000,HEAT_CRITICAL,4,0.275,192.4,62.72,true,FAIR,60,TT-5.5,COL-B
TT-9060,ThermoTrack,PLANT_01,1773187800000,MCH-001,A,1772817730000,1772817910000,HEAT_CRITICAL,5,0.244,,32.18,true,FAIR,77,TT-5.4,COL-B
TT-9061,ThermoTrack,PLANT_01,1773187800000,MCH-002,A,1772856299000,1772856359000,HEAT_CRITICAL,4,0.317,175.2,57.33,true,POOR,26,TT-4.9,COL-A
TT-9062,ThermoTrack,PLANT_01,1773187800000,MCH-006,C,1772743325000,1772743445000,HEAT_CRITICAL,4,0.047,194.6,24.26,true,FAIR,73,TT-5.4,COL-B
TT-9063,ThermoTrack,PLANT_01,1773187800000,MCH-002,A,1773011993000,1773012473000,HEAT_CRITICAL,3,0.374,151.4,48.19,true,POOR,46,TT-4.9,COL-B
TT-9064,ThermoTrack,PLANT_01,1773187800000,MCH-002,A,1772787409000,1772809009000,HEAT_CRITICAL,4,0.426,175.5,59.73,true,POOR,54,TT-4.9,COL-A
TT-9065,ThermoTrack,PLANT_01,1773187800000,MCH-002,A,1772649842000,1772650202000,HEAT_CRITICAL,4,0.203,209.4,48.65,true,GOOD,98,TT-5.4,COL-B
TT-9066,ThermoTrack,PLANT_01,1773187800000,MCH-008,B,1772721955000,1772722255000,HEAT_CRITICAL,5,0.235,228.8,71.88,true,POOR,55,TT-5.4,COL-B
TT-9067,ThermoTrack,PLANT_01,1773187800000,MCH-004,B,1772699338000,1772699758000,HEAT_CRITICAL,5,0.235,218.3,69.89,true,FAIR,66,TT-5.5,COL-A
TT-9068,ThermoTrack,PLANT_01,1773187800000,MCH-002,A,1772502886000,1772503606000,HEAT_CRITICAL,4,0.306,180.5,47.44,true,FAIR,62,TT-5.4,COL-B
TT-9069,ThermoTrack,PLANT_01,1773187800000,MCH-004,B,1772704506000,1772704626000,HEAT_CRITICAL,4,0.393,214.8,60.53,true,FAIR,62,TT-5.5,COL-C
TT-9070,ThermoTrack,PLANT_01,1773187800000,MCH-001,A,1772994191000,1772994551000,HEAT_CRITICAL,4,0.176,211.2,35.61,true,GOOD,83,TT-4.9,COL-A
TT-9071,ThermoTrack,PLANT_01,1773187800000,MCH-002,LINE-A,1772432301000,1772432661000,HEAT_CRITICAL,4,0.43,170.5,59.15,true,POOR,51,TT-5.5,COL-C
TT-9072,ThermoTrack,PLANT_01,1773187800000,MCH-002,LINE-A,1772450129000,1772450249000,HEAT_CRITICAL,4,0.229,214.9,47.71,true,POOR,59,TT-5.5,COL-C
TT-9073,ThermoTrack,PLANT_01,1773187800000,MCH-002,A,1773001557000,1773001677000,HEAT_CRITICAL,3,0.373,169.3,68.18,true,FAIR,62,TT-4.9,COL-C
TT-9074,ThermoTrack,PLANT_01,1773187800000,MCH-004,B,1772859382000,1772864782000,HEAT_CRITICAL,5,0.202,214.7,57.03,true,FAIR,70,TT-5.4,COL-C
TT-9075,ThermoTrack,PLANT_01,1773187800000,MCH-002,A,1772884707000,1772884887000,HEAT_CRITICAL,3,0.368,158.3,47.2,true,POOR,32,TT-5.5,COL-B
TT-9076,ThermoTrack,PLANT_01,1773187800000,MCH-008,B,1772691835000,1772693635000,HEAT_CRITICAL,4,0.309,208.9,74.03,true,FAIR,25,TT-5.5,COL-B
TT-9077,ThermoTrack,PLANT_01,1773187800000,MCH-002,A,1772707691000,1772707931000,HEAT_CRITICAL,5,0.378,224.7,54.15,true,GOOD,96,TT-5.4,COL-C
TT-9078,ThermoTrack,PLANT_01,1773187800000,MCH-002,A,1772737853000,1772737913000,HEAT_CRITICAL,4,0.312,194.1,53.67,true,POOR,44,TT-5.4,COL-A
TT-9079,ThermoTrack,PLANT_01,1773187800000,MCH-008,LINE-B,1772329578000,1772329758000,HEAT_CRITICAL,5,0.499,205.7,60.09,true,POOR,25,TT-5.5,COL-C
TT-9080,ThermoTrack,PLANT_01,1773187800000,MCH-004,B,1772499351000,1772499831000,HEAT_CRITICAL,4,0.325,200.8,60.07,true,FAIR,55,TT-5.5,COL-A
TT-9081,ThermoTrack,PLANT_01,1773187800000,MCH-002,A,1773062375000,1773062495000,HEAT_CRITICAL,3,0.325,169.0,56.52,true,POOR,20,TT-4.9,COL-A
TT-9082,ThermoTrack,PLANT_01,1773187800000,MCH-006,C,1773082867000,1773083347000,HEAT_CRITICAL,4,0.268,181.2,37.48,true,POOR,26,TT-4.9,COL-A
TT-9083,ThermoTrack,PLANT_01,1773187800000,MCH-008,B,1773060889000,1773061069000,HEAT_CRITICAL,5,0.379,206.1,74.21,true,GOOD,97,TT-5.5,COL-A
TT-9084,ThermoTrack,PLANT_01,1773187800000,MCH-008,B,1772828348000,1772828528000,HEAT_CRITICAL,4,0.126,192.2,64.03,true,GOOD,25,TT-5.5,COL-B
TT-9085,ThermoTrack,PLANT_01,1773187800000,MCH-006,C,1772597261000,1772597501000,HEAT_CRITICAL,4,0.253,163.4,38.48,true,GOOD,86,TT-5.4,COL-A
TT-9086,ThermoTrack,PLANT_01,1773187800000,MCH-008,B,1772373017000,1772373137000,HEAT_CRITICAL,4,0.152,196.4,77.16,true,POOR,28,TT-5.5,COL-B
TT-9087,ThermoTrack,PLANT_01,1773187800000,MCH-004,B,1772723416000,1772723776000,HEAT_CRITICAL,5,0.329,234.0,66.33,true,POOR,54,TT-5.4,COL-C
TT-9088,ThermoTrack,PLANT_01,1773187800000,MCH-002,A,1772482358000,1772482418000,HEAT_CRITICAL,4,0.198,169.9,61.38,true,POOR,53,TT-5.4,COL-B
TT-9089,ThermoTrack,PLANT_01,1773187800000,MCH-002,A,1773052474000,1773057874000,HEAT_CRITICAL,4,,175.9,58.43,true,GOOD,93,TT-5.5,COL-B
TT-9090,ThermoTrack,PLANT_01,1773187800000,MCH-001,LINE-A,1773185337000,1773185697000,HEAT_CRITICAL,4,0.39,178.9,51.32,true,GOOD,32,TT-5.5,COL-A
TT-9091,ThermoTrack,PLANT_01,1773187800000,MCH-008,B,1772917609000,1772917849000,HEAT_CRITICAL,4,0.254,177.3,69.23,true,POOR,27,TT-5.4,COL-B
TT-9092,ThermoTrack,PLANT_01,1773187800000,MCH-002,A,1772727162000,1772727282000,HEAT_CRITICAL,4,0.351,215.1,46.66,true,POOR,22,TT-5.5,COL-C
TT-9093,ThermoTrack,PLANT_01,1773187800000,MCH-001,A,1772930406000,1772930646000,HEAT_CRITICAL,5,0.324,222.3,37.44,true,GOOD,92,TT-4.9,COL-B
TT-9094,ThermoTrack,PLANT_01,1773187800000,MCH-001,A,1772506736000,1772506796000,HEAT_CRITICAL,5,0.452,207.3,36.4,true,GOOD,89,TT-5.5,COL-C
TT-9095,ThermoTrack,PLANT_01,1773187800000,MCH-008,B,1772721961000,1772722321000,HEAT_CRITICAL,5,0.358,212.6,82.09,true,FAIR,73,TT-4.9,COL-B
TT-9096,ThermoTrack,PLANT_01,1773187800000,MCH-001,A,1772677575000,1772677995000,HEAT_CRITICAL,5,0.149,203.1,49.56,true,FAIR,68,TT-5.4,COL-A
TT-9097,ThermoTrack,PLANT_01,1773187800000,MCH-002,A,1772603903000,1772605703000,HEAT_CRITICAL,4,0.067,188.2,36.65,true,POOR,29,TT-5.5,COL-C
TT-9098,ThermoTrack,PLANT_01,1773187800000,MCH-006,C,1772620194000,1772620434000,HEAT_CRITICAL,5,0.18,,44.26,true,GOOD,85,TT-5.5,COL-A
TT-9099,ThermoTrack,PLANT_01,1773187800000,MCH-001,A,1772583521000,1772583581000,HEAT_CRITICAL,4,0.283,224.9,56.73,true,FAIR,62,TT-4.9,COL-A
TT-9100,ThermoTrack,PLANT_01,1773187800000,MCH-002,LINE-A,1772957863000,1772958343000,HEAT_CRITICAL,3,0.213,134.4,53.27,true,FAIR,60,TT-4.9,COL-B
TT-9101,ThermoTrack,PLANT_01,1773187800000,MCH-008,B,1772496447000,1772496507000,HEAT_CRITICAL,5,0.268,240.9,65.94,true,GOOD,95,TT-5.4,COL-A
TT-9102,ThermoTrack,PLANT_01,1773187800000,MCH-004,B,1772778148000,1772778868000,HEAT_CRITICAL,4,0.158,182.5,59.22,true,FAIR,79,TT-5.4,COL-B
TT-9103,ThermoTrack,PLANT_01,1773187800000,MCH-001,A,1772385001000,1772385121000,HEAT_CRITICAL,5,0.225,229.1,45.17,true,GOOD,92,TT-5.4,COL-C
TT-9104,ThermoTrack,PLANT_01,1773187800000,MCH-006,C,1772887124000,1772887184000,HEAT_CRITICAL,3,0.277,160.6,24.44,true,FAIR,67,TT-4.9,COL-A
TT-9105,ThermoTrack,PLANT_01,1773187800000,MCH-006,C,1772707331000,1772707691000,HEAT_CRITICAL,4,0.228,189.7,27.66,true,GOOD,88,TT-4.9,COL-C
TT-9106,ThermoTrack,PLANT_01,1773187800000,MCH-004,B,1772758394000,1772758634000,HEAT_CRITICAL,4,0.085,,56.26,true,GOOD,89,TT-5.4,COL-C
TT-9107,ThermoTrack,PLANT_01,1773187800000,MCH-006,C,1772357370000,1772357550000,HEAT_CRITICAL,5,0.307,216.4,32.42,true,GOOD,88,TT-5.5,COL-A
TT-9108,ThermoTrack,PLANT_01,1773187800000,MCH-002,A,1772421262000,1772442862000,HEAT_CRITICAL,4,0.275,209.0,46.63,true,POOR,36,TT-5.5,COL-B
TT-9109,ThermoTrack,PLANT_01,1773187800000,MCH-006,C,1772642008000,1772696008000,HEAT_CRITICAL,5,0.327,221.0,35.49,true,POOR,29,TT-4.9,COL-C
TT-9110,ThermoTrack,PLANT_01,1773187800000,MCH-008,B,1773028432000,1773028792000,HEAT_CRITICAL,4,0.267,210.3,91.18,true,FAIR,67,TT-4.9,COL-C
TT-9111,ThermoTrack,PLANT_01,1773187800000,MCH-006,C,1773108375000,1773108615000,HEAT_CRITICAL,3,,159.0,37.56,true,FAIR,79,TT-5.5,COL-A
TT-9112,ThermoTrack,PLANT_01,1773187800000,MCH-002,A,1772971984000,1772972464000,HEAT_CRITICAL,3,0.314,170.2,48.11,true,POOR,40,TT-5.5,COL-A
TT-9113,ThermoTrack,PLANT_01,1773187800000,MCH-006,C,1772570376000,1772572176000,HEAT_CRITICAL,4,0.352,163.7,25.88,true,FAIR,55,TT-5.4,COL-C
TT-9114,ThermoTrack,PLANT_01,1773187800000,MCH-008,B,1772905573000,1772905633000,HEAT_CRITICAL,5,0.199,198.4,75.85,true,GOOD,96,TT-5.5,COL-A
TT-9115,ThermoTrack,PLANT_01,1773187800000,MCH-002,A,1772973605000,1772974085000,HEAT_CRITICAL,3,0.196,183.0,40.97,true,FAIR,32,TT-5.5,COL-B
TT-9116,ThermoTrack,PLANT_01,1773187800000,MCH-002,A,1773107558000,1773108038000,HEAT_CRITICAL,3,0.207,168.5,61.57,true,POOR,35,TT-5.4,COL-C
TT-9117,ThermoTrack,PLANT_01,1773187800000,MCH-008,B,1773009644000,1773010004000,HEAT_CRITICAL,5,0.32,232.2,67.62,true,FAIR,59,TT-4.9,COL-A
TT-9118,ThermoTrack,PLANT_01,1773187800000,MCH-006,C,1772346349000,1772346829000,HEAT_CRITICAL,5,0.208,200.4,30.67,true,FAIR,59,TT-5.5,COL-B
TT-9119,ThermoTrack,PLANT_01,1773187800000,MCH-006,C,1772858742000,1772859102000,HEAT_CRITICAL,4,0.196,171.6,21.72,true,FAIR,32,TT-5.4,COL-B
TT-9120,ThermoTrack,PLANT_01,1773187800000,MCH-006,LINE-C,1772540070000,1772540550000,HEAT_CRITICAL,4,0.315,217.3,33.07,true,FAIR,73,TT-5.4,COL-A
TT-9121,ThermoTrack,PLANT_01,1773187800000,MCH-008,B,1772906669000,1772906789000,HEAT_CRITICAL,4,0.32,206.7,75.5,true,FAIR,71,TT-4.9,COL-B
TT-9122,ThermoTrack,PLANT_01,1773187800000,MCH-008,B,1772665979000,1772666279000,HEAT_CRITICAL,5,0.33,201.2,77.4,true,FAIR,77,TT-5.5,COL-C
TT-9123,ThermoTrack,PLANT_01,1773187800000,MCH-002,A,1772882939000,1772883359000,HEAT_CRITICAL,3,0.281,148.0,48.66,true,FAIR,79,TT-5.4,COL-A
TT-9124,ThermoTrack,PLANT_01,1773187800000,MCH-008,B,1772815226000,1772815526000,HEAT_CRITICAL,4,0.09,182.4,67.4,true,GOOD,85,TT-5.4,COL-C
TT-9125,ThermoTrack,PLANT_01,1773187800000,MCH-002,A,1773169050000,1773169230000,HEAT_CRITICAL,3,0.196,159.0,57.41,true,FAIR,32,TT-5.5,COL-C
TT-9126,ThermoTrack,PLANT_01,1773187800000,MCH-006,C,1772622444000,1772622804000,HEAT_CRITICAL,4,0.206,206.5,38.83,true,POOR,49,TT-5.5,COL-B
TT-9127,ThermoTrack,PLANT_01,1773187800000,MCH-008,B,1772907985000,1772908225000,HEAT_CRITICAL,4,0.236,206.1,69.03,true,GOOD,90,TT-5.4,COL-B
TT-9128,ThermoTrack,PLANT_01,1773187800000,MCH-008,B,1772713044000,1772713224000,HEAT_CRITICAL,4,0.179,203.6,75.88,true,POOR,25,TT-5.4,COL-B
TT-9129,ThermoTrack,PLANT_01,1773187800000,MCH-006,C,1772503216000,1772503636000,HEAT_CRITICAL,5,0.292,220.5,26.26,true,POOR,55,TT-4.9,COL-B
TT-9130,ThermoTrack,PLANT_01,1773187800000,MCH-008,B,1772461656000,1772483256000,HEAT_CRITICAL,5,0.42,200.4,80.17,true,GOOD,91,TT-5.4,COL-B
TT-9131,ThermoTrack,PLANT_01,1773187800000,MCH-002,A,1772636283000,1772636703000,HEAT_CRITICAL,4,0.304,219.7,62.85,true,GOOD,87,TT-5.4,COL-A
TT-9132,ThermoTrack,PLANT_01,1773187800000,MCH-002,A,1772834649000,1772834709000,HEAT_CRITICAL,4,0.071,197.5,53.08,true,FAIR,61,TT-5.5,COL-A
TT-9133,ThermoTrack,PLANT_01,1773187800000,MCH-008,B,1772443962000,1772444322000,HEAT_CRITICAL,5,0.3,200.9,76.45,true,FAIR,60,TT-5.4,COL-A
TT-9134,ThermoTrack,PLANT_01,1773187800000,MCH-002,A,1772493358000,1772494078000,HEAT_CRITICAL,4,0.182,193.3,42.85,true,FAIR,56,TT-5.5,COL-A
TT-9135,ThermoTrack,PLANT_01,1773187800000,MCH-001,A,1773109177000,1773114577000,HEAT_CRITICAL,4,0.414,207.0,54.37,true,GOOD,90,TT-5.4,COL-B
TT-9136,ThermoTrack,PLANT_01,1773187800000,MCH-008,LINE-B,1773002491000,1773002791000,HEAT_CRITICAL,5,0.241,220.6,65.63,true,POOR,48,TT-4.9,COL-B
TT-9137,ThermoTrack,PLANT_01,1773187800000,MCH-008,B,1772656952000,1772657252000,HEAT_CRITICAL,4,0.317,206.1,92.35,true,POOR,51,TT-5.4,COL-B
TT-9138,ThermoTrack,PLANT_01,1773187800000,MCH-008,B,1772398250000,1772398490000,HEAT_CRITICAL,4,0.342,199.8,74.97,true,GOOD,25,TT-5.5,COL-A
TT-9139,ThermoTrack,PLANT_01,1773187800000,MCH-004,B,1772799678000,1772799858000,HEAT_CRITICAL,4,0.349,164.0,56.92,true,POOR,26,TT-5.4,COL-B
TT-9140,ThermoTrack,PLANT_01,1773187800000,MCH-001,A,1773058936000,1773059116000,HEAT_CRITICAL,4,0.226,,51.65,true,GOOD,94,TT-5.5,COL-C
TT-9141,ThermoTrack,PLANT_01,1773187800000,MCH-004,B,1772699214000,1772699274000,HEAT_CRITICAL,4,0.418,182.5,72.96,true,GOOD,98,TT-5.5,COL-A
TT-9142,ThermoTrack,PLANT_01,1773187800000,MCH-002,A,1772343651000,1772344011000,HEAT_CRITICAL,4,0.281,208.5,53.5,true,POOR,36,TT-5.4,COL-B
TT-9143,ThermoTrack,PLANT_01,1773187800000,MCH-006,C,1772969953000,1772971753000,HEAT_CRITICAL,3,0.408,154.8,27.63,true,GOOD,82,TT-5.5,COL-C
TT-9144,ThermoTrack,PLANT_01,1773187800000,MCH-002,A,1773119018000,1773124418000,HEAT_CRITICAL,3,0.347,164.7,54.33,true,POOR,40,TT-4.9,COL-C
TT-9145,ThermoTrack,PLANT_01,1773187800000,MCH-008,B,1772551827000,1772551887000,HEAT_CRITICAL,4,0.125,200.1,77.64,true,POOR,36,TT-5.4,COL-C
TT-9146,ThermoTrack,PLANT_01,1773187800000,MCH-008,B,1772657046000,1772711046000,HEAT_CRITICAL,4,0.364,196.9,76.65,true,POOR,96,TT-5.4,COL-A
TT-9147,ThermoTrack,PLANT_01,1773187800000,MCH-004,B,1772416013000,1772416433000,HEAT_CRITICAL,4,0.299,181.8,59.63,true,GOOD,94,TT-4.9,COL-A
TT-9148,ThermoTrack,PLANT_01,1773187800000,MCH-008,B,1772580875000,1772586275000,HEAT_CRITICAL,4,0.421,162.8,88.35,true,GOOD,98,TT-5.5,COL-A
TT-9149,ThermoTrack,PLANT_01,1773187800000,MCH-004,B,1772835140000,1772835860000,HEAT_CRITICAL,5,0.227,205.3,72.12,true,POOR,29,TT-5.5,COL-A
TT-9150,ThermoTrack,PLANT_01,1773187800000,MCH-002,A,1772513231000,1772513351000,HEAT_CRITICAL,4,0.159,193.3,55.73,true,FAIR,71,TT-4.9,COL-A
TT-9151,ThermoTrack,PLANT_01,1773187800000,MCH-002,A,1773171279000,1773171639000,HEAT_CRITICAL,4,0.376,202.9,43.86,true,POOR,34,TT-5.5,COL-B
TT-9152,ThermoTrack,PLANT_01,1773187800000,MCH-002,A,1772999747000,1773005147000,HEAT_CRITICAL,3,0.209,149.9,50.24,true,FAIR,55,TT-5.5,COL-A
TT-9153,ThermoTrack,PLANT_01,1773187800000,MCH-002,LINE-A,1772843697000,1772843757000,HEAT_CRITICAL,3,0.274,152.9,45.49,true,FAIR,60,TT-5.4,COL-A
TT-9154,ThermoTrack,PLANT_01,1773187800000,MCH-002,A,1772869616000,1772870036000,HEAT_CRITICAL,3,0.401,168.7,46.62,true,FAIR,71,TT-4.9,COL-C
TT-9155,ThermoTrack,PLANT_01,1773187800000,MCH-004,B,1773060532000,1773114532000,HEAT_CRITICAL,5,0.329,,63.14,true,GOOD,88,TT-4.9,COL-C
TT-9156,ThermoTrack,PLANT_01,1773187800000,MCH-004,B,1773041894000,1773041954000,HEAT_CRITICAL,5,0.407,226.5,57.67,true,POOR,44,TT-5.4,COL-B
TT-9157,ThermoTrack,PLANT_01,1773187800000,MCH-004,B,1773034283000,1773034523000,HEAT_CRITICAL,4,0.494,196.2,59.42,true,POOR,27,TT-4.9,COL-C
TT-9158,ThermoTrack,PLANT_01,1773187800000,MCH-002,A,1772906546000,1772906726000,HEAT_CRITICAL,3,,148.6,51.28,true,POOR,45,TT-5.4,COL-C
TT-9159,ThermoTrack,PLANT_01,1773187800000,MCH-004,B,1772888213000,1772888513000,HEAT_CRITICAL,4,0.35,206.7,59.61,true,POOR,48,TT-5.4,COL-C
TT-9160,ThermoTrack,PLANT_01,1773187800000,MCH-012,B,1772345308000,1772345788000,POWER_FLUCTUATION,4,0.453,162.3,84.71,true,POOR,21,TT-4.9,COL-C
TT-9161,ThermoTrack,PLANT_01,1773187800000,MCH-008,B,1772997583000,1772997883000,POWER_FLUCTUATION,4,0.317,188.6,117.13,true,POOR,38,TT-4.9,COL-C
TT-9162,ThermoTrack,PLANT_01,1773187800000,MCH-008,B,1772715106000,1772715466000,POWER_FLUCTUATION,5,0.241,146.0,92.29,true,POOR,45,TT-5.5,COL-A
TT-9163,ThermoTrack,PLANT_01,1773187800000,MCH-004,B,1772354050000,1772354350000,POWER_FLUCTUATION,4,0.405,,72.56,true,FAIR,96,TT-4.9,COL-C
TT-9164,ThermoTrack,PLANT_01,1773187800000,MCH-004,B,1772977671000,1772977791000,POWER_FLUCTUATION,3,0.409,161.8,101.49,true,GOOD,32,TT-5.5,COL-A
TT-9165,ThermoTrack,PLANT_01,1773187800000,MCH-004,B,1772532422000,1772532782000,POWER_FLUCTUATION,5,0.253,186.5,88.55,true,GOOD,85,TT-5.4,COL-B
TT-9166,ThermoTrack,PLANT_01,1773187800000,MCH-012,B,1772976894000,1772977374000,POWER_FLUCTUATION,4,0.412,146.4,91.27,true,POOR,27,TT-5.4,COL-B
TT-9167,ThermoTrack,PLANT_01,1773187800000,MCH-008,B,1772999467000,1772999827000,POWER_FLUCTUATION,3,0.352,214.5,99.32,true,GOOD,94,TT-5.4,COL-B
TT-9168,ThermoTrack,PLANT_01,1773187800000,MCH-004,B,1773088088000,1773088268000,POWER_FLUCTUATION,3,0.292,161.8,102.0,true,POOR,25,TT-5.4,COL-C
TT-9169,ThermoTrack,PLANT_01,1773187800000,MCH-002,A,1772613088000,1772613268000,POWER_FLUCTUATION,3,0.314,187.1,63.34,true,POOR,20,TT-5.4,COL-A
TT-9170,ThermoTrack,PLANT_01,1773187800000,MCH-008,B,1773039502000,1773039742000,POWER_FLUCTUATION,3,0.413,,120.24,true,FAIR,77,TT-4.9,COL-A
TT-9171,ThermoTrack,PLANT_01,1773187800000,MCH-002,A,1772778631000,1772778991000,POWER_FLUCTUATION,3,0.235,177.2,73.7,true,POOR,42,TT-5.5,COL-A
TT-9172,ThermoTrack,PLANT_01,1773187800000,MCH-008,B,1772817020000,1772817080000,POWER_FLUCTUATION,4,0.295,164.3,37.91,true,FAIR,63,TT-5.5,COL-B
TT-9173,ThermoTrack,PLANT_01,1773187800000,MCH-004,B,1772683120000,1772683240000,POWER_FLUCTUATION,3,0.279,178.6,87.72,true,GOOD,91,TT-5.5,COL-B
TT-9174,ThermoTrack,PLANT_01,1773187800000,MCH-010,C,1772916013000,1772916133000,POWER_FLUCTUATION,3,0.181,158.4,42.02,true,FAIR,77,TT-4.9,COL-C
TT-9175,ThermoTrack,PLANT_01,1773187800000,MCH-012,B,1772502327000,1772502387000,POWER_FLUCTUATION,3,0.178,168.1,30.9,true,POOR,40,TT-5.5,COL-A
TT-9176,ThermoTrack,PLANT_01,1773187800000,MCH-004,B,1773002959000,1773003019000,POWER_FLUCTUATION,4,0.178,156.4,88.87,true,GOOD,85,TT-5.4,COL-B
TT-9177,ThermoTrack,PLANT_01,1773187800000,MCH-008,B,1772698231000,1772698471000,POWER_FLUCTUATION,3,0.308,148.5,102.82,true,POOR,58,TT-5.5,COL-C
TT-9178,ThermoTrack,PLANT_01,1773187800000,MCH-010,C,1772580777000,1772581137000,POWER_FLUCTUATION,4,0.255,195.2,38.03,true,FAIR,72,TT-4.9,COL-C
TT-9179,ThermoTrack,PLANT_01,1773187800000,MCH-008,B,1772416785000,1772417085000,POWER_FLUCTUATION,3,0.201,164.9,112.3,true,GOOD,96,TT-4.9,COL-B
TT-9180,ThermoTrack,PLANT_01,1773187800000,MCH-010,C,1772805141000,1772805201000,POWER_FLUCTUATION,5,0.416,165.4,28.72,true,FAIR,69,TT-4.9,COL-C
TT-9181,ThermoTrack,PLANT_01,1773187800000,MCH-002,A,1772974554000,1772974674000,POWER_FLUCTUATION,5,0.437,138.6,60.81,true,GOOD,98,TT-5.4,COL-B
TT-9182,ThermoTrack,PLANT_01,1773187800000,MCH-010,C,1772525787000,1772525847000,POWER_FLUCTUATION,4,0.306,170.8,24.88,true,GOOD,98,TT-5.4,COL-A
TT-9183,ThermoTrack,PLANT_01,1773187800000,MCH-002,A,1772922631000,1772922811000,POWER_FLUCTUATION,5,0.574,193.2,52.27,true,FAIR,32,TT-5.4,COL-C
TT-9184,ThermoTrack,PLANT_01,1773187800000,MCH-012,B,1772738977000,1772739037000,POWER_FLUCTUATION,3,0.204,176.4,39.65,true,GOOD,96,TT-4.9,COL-B
TT-9185,ThermoTrack,PLANT_01,1773187800000,MCH-004,B,1772985085000,1773006685000,POWER_FLUCTUATION,3,0.319,159.8,96.77,true,FAIR,66,TT-5.5,COL-A
TT-9186,ThermoTrack,PLANT_01,1773187800000,MCH-002,A,1773001593000,1773001833000,POWER_FLUCTUATION,4,0.479,186.5,67.65,true,GOOD,32,TT-4.9,COL-C
TT-9187,ThermoTrack,PLANT_01,1773187800000,MCH-002,A,1772695908000,1772695968000,POWER_FLUCTUATION,4,0.402,186.6,21.68,true,GOOD,92,TT-5.5,COL-A
TT-9188,ThermoTrack,PLANT_01,1773187800000,MCH-008,B,1772610148000,1772611948000,POWER_FLUCTUATION,5,0.187,170.7,104.4,true,POOR,44,TT-5.5,COL-C
TT-9189,ThermoTrack,PLANT_01,1773187800000,MCH-002,A,1772971988000,1772972408000,POWER_FLUCTUATION,5,0.435,158.0,11.49,true,GOOD,91,TT-5.5,COL-B
TT-9190,ThermoTrack,PLANT_01,1773187800000,MCH-004,B,1773016063000,1773016303000,POWER_FLUCTUATION,4,0.383,207.5,103.1,true,GOOD,32,TT-5.4,COL-A
TT-9191,ThermoTrack,PLANT_01,1773187800000,MCH-004,B,1772873914000,1772874034000,POWER_FLUCTUATION,3,0.542,212.1,29.54,true,FAIR,76,TT-4.9,COL-C
TT-9192,ThermoTrack,PLANT_01,1773187800000,MCH-004,B,1772634830000,1772634890000,POWER_FLUCTUATION,3,0.458,193.4,92.17,true,FAIR,71,TT-5.5,COL-C
TT-9193,ThermoTrack,PLANT_01,1773187800000,MCH-002,A,1773075497000,1773097097000,POWER_FLUCTUATION,4,0.323,151.4,79.82,true,POOR,21,TT-5.5,COL-C
TT-9194,ThermoTrack,PLANT_01,1773187800000,MCH-012,B,1772441030000,1772441270000,POWER_FLUCTUATION,3,0.546,171.8,59.13,true,GOOD,98,TT-4.9,COL-B
TT-9195,ThermoTrack,PLANT_01,1773187800000,MCH-008,B,1773057922000,1773057982000,POWER_FLUCTUATION,5,0.335,184.4,92.57,true,FAIR,66,TT-4.9,COL-B
TT-9196,ThermoTrack,PLANT_01,1773187800000,MCH-012,B,1772506354000,1772506594000,POWER_FLUCTUATION,3,0.453,155.3,31.44,true,FAIR,78,TT-5.5,COL-A
TT-9197,ThermoTrack,PLANT_01,1773187800000,MCH-004,B,1773068297000,1773068537000,POWER_FLUCTUATION,3,0.507,173.9,74.78,true,POOR,59,TT-4.9,COL-B
TT-9198,ThermoTrack,PLANT_01,1773187800000,MCH-004,B,1772946779000,1772947199000,POWER_FLUCTUATION,3,0.107,179.9,84.19,true,FAIR,61,TT-5.4,COL-B
TT-9199,ThermoTrack,PLANT_01,1773187800000,MCH-010,C,1773103149000,1773103209000,POWER_FLUCTUATION,3,0.297,185.2,32.04,true,POOR,47,TT-5.5,COL-A
TT-9200,ThermoTrack,PLANT_01,1773187800000,MCH-004,B,1772334969000,1772336769000,POWER_FLUCTUATION,5,0.254,145.2,36.62,true,FAIR,67,TT-5.4,COL-C
TT-9201,ThermoTrack,PLANT_01,1773187800000,MCH-008,LINE-B,1772725534000,1772725594000,POWER_FLUCTUATION,5,0.427,173.5,92.88,true,FAIR,74,TT-5.4,COL-C
TT-9202,ThermoTrack,PLANT_01,1773187800000,MCH-008,B,1772480705000,1772486105000,POWER_FLUCTUATION,3,0.302,180.4,126.04,true,FAIR,58,TT-5.5,COL-B
TT-9203,ThermoTrack,PLANT_01,1773187800000,MCH-012,B,1773021109000,1773021349000,POWER_FLUCTUATION,4,,134.6,75.75,true,FAIR,81,TT-5.5,COL-A
TT-9204,ThermoTrack,PLANT_01,1773187800000,MCH-004,B,1772464925000,1772465045000,POWER_FLUCTUATION,5,0.367,161.1,32.6,true,FAIR,78,TT-5.5,COL-A
TT-9205,ThermoTrack,PLANT_01,1773187800000,MCH-008,B,1772345413000,1772345713000,POWER_FLUCTUATION,5,0.391,196.1,92.24,true,FAIR,76,TT-5.5,COL-C
TT-9206,ThermoTrack,PLANT_01,1773187800000,MCH-008,B,1772854102000,1772854222000,POWER_FLUCTUATION,3,0.398,162.2,38.25,true,GOOD,95,TT-4.9,COL-B
TT-9207,ThermoTrack,PLANT_01,1773187800000,MCH-010,C,1773111934000,1773165934000,POWER_FLUCTUATION,4,0.315,195.5,33.33,true,POOR,21,TT-5.4,COL-B
TT-9208,ThermoTrack,PLANT_01,1773187800000,MCH-010,C,1772871185000,1772871245000,POWER_FLUCTUATION,5,0.264,174.0,30.14,true,GOOD,94,TT-5.4,COL-B
TT-9209,ThermoTrack,PLANT_01,1773187800000,MCH-012,B,1772597074000,1772597254000,POWER_FLUCTUATION,4,0.225,169.0,24.0,true,GOOD,82,TT-5.4,COL-C
TT-9210,ThermoTrack,PLANT_01,1773187800000,MCH-010,LINE-C,1772997887000,1772998007000,POWER_FLUCTUATION,3,0.318,182.6,24.08,true,FAIR,80,TT-5.5,COL-B
TT-9211,ThermoTrack,PLANT_01,1773187800000,MCH-004,B,1772432559000,1772432679000,POWER_FLUCTUATION,3,,170.5,99.81,true,FAIR,81,TT-5.5,COL-A
TT-9212,ThermoTrack,PLANT_01,1773187800000,MCH-012,B,1773052793000,1773052913000,POWER_FLUCTUATION,5,0.32,147.7,72.56,true,GOOD,92,TT-5.4,COL-C
TT-9213,ThermoTrack,PLANT_01,1773187800000,MCH-008,B,1772576844000,1772576964000,POWER_FLUCTUATION,3,0.345,171.1,121.3,true,GOOD,89,TT-4.9,COL-A
TT-9214,ThermoTrack,PLANT_01,1773187800000,MCH-008,B,1772974118000,1772974298000,POWER_FLUCTUATION,5,0.026,151.2,85.7,true,GOOD,88,TT-4.9,COL-A
TT-9215,ThermoTrack,PLANT_01,1773187800000,MCH-004,B,1772523200000,1772523500000,POWER_FLUCTUATION,3,0.299,190.3,72.45,true,GOOD,95,TT-5.4,COL-A
TT-9216,ThermoTrack,PLANT_01,1773187800000,MCH-002,A,1772585696000,1772585936000,POWER_FLUCTUATION,5,0.579,163.4,66.2,true,GOOD,98,TT-5.5,COL-A
TT-9217,ThermoTrack,PLANT_01,1773187800000,MCH-004,B,1772707629000,1772707869000,POWER_FLUCTUATION,3,0.181,165.5,19.56,true,FAIR,62,TT-5.4,COL-A
TT-9218,ThermoTrack,PLANT_01,1773187800000,MCH-008,B,1772479959000,1772485359000,POWER_FLUCTUATION,3,0.324,195.6,35.33,true,GOOD,87,TT-5.5,COL-C
TT-9219,ThermoTrack,PLANT_01,1773187800000,MCH-004,B,1772977495000,1773031495000,POWER_FLUCTUATION,4,,173.3,75.8,true,POOR,96,TT-4.9,COL-A
TT-9220,ThermoTrack,PLANT_01,1773187800000,MCH-004,LINE-B,1772448216000,1772448576000,POWER_FLUCTUATION,5,0.27,198.0,29.65,true,POOR,40,TT-4.9,COL-B
TT-9221,ThermoTrack,PLANT_01,1773187800000,MCH-008,B,1773036302000,1773036482000,POWER_FLUCTUATION,4,0.177,135.0,89.96,true,GOOD,82,TT-4.9,COL-A
TT-9222,ThermoTrack,PLANT_01,1773187800000,MCH-012,B,1772627071000,1772628871000,POWER_FLUCTUATION,3,0.361,168.9,78.98,true,FAIR,81,TT-5.4,COL-B
TT-9223,ThermoTrack,PLANT_01,1773187800000,MCH-008,B,1772326952000,1772327072000,POWER_FLUCTUATION,4,0.427,144.5,109.14,true,POOR,54,TT-5.5,COL-C
TT-9224,ThermoTrack,PLANT_01,1773187800000,MCH-008,B,1772782373000,1772782493000,POWER_FLUCTUATION,3,0.209,156.3,105.91,true,FAIR,71,TT-5.5,COL-A
TT-9225,ThermoTrack,PLANT_01,1773187800000,MCH-004,B,1772631115000,1772632915000,POWER_FLUCTUATION,4,0.359,154.1,77.6,true,POOR,36,TT-5.5,COL-A
TT-9226,ThermoTrack,PLANT_01,1773187800000,MCH-008,B,1772888330000,1772888510000,POWER_FLUCTUATION,3,0.076,190.1,114.51,true,POOR,32,TT-5.4,COL-C
TT-9227,ThermoTrack,PLANT_01,1773187800000,MCH-004,B,1772568000000,1772568180000,POWER_FLUCTUATION,5,0.227,177.4,74.29,true,GOOD,90,TT-5.5,COL-B
TT-9228,ThermoTrack,PLANT_01,1773187800000,MCH-008,B,1773084181000,1773084421000,POWER_FLUCTUATION,4,0.13,191.0,25.17,true,FAIR,57,TT-5.4,COL-A
TT-9229,ThermoTrack,PLANT_01,1773187800000,MCH-010,C,1772373259000,1772373679000,POWER_FLUCTUATION,5,0.314,145.5,13.32,true,FAIR,60,TT-5.4,COL-A
TT-9230,ThermoTrack,PLANT_01,1773187800000,MCH-002,A,1772864632000,1772864872000,POWER_FLUCTUATION,5,0.241,138.4,13.97,true,FAIR,81,TT-4.9,COL-B
TT-9231,ThermoTrack,PLANT_01,1773187800000,MCH-010,C,1772902912000,1772904712000,POWER_FLUCTUATION,4,0.331,144.6,11.63,true,GOOD,83,TT-4.9,COL-C
TT-9232,ThermoTrack,PLANT_01,1773187800000,MCH-008,B,1772948549000,1772948789000,POWER_FLUCTUATION,5,0.265,161.0,41.62,true,GOOD,25,TT-4.9,COL-C
TT-9233,ThermoTrack,PLANT_01,1773187800000,MCH-002,A,1773146128000,1773146248000,POWER_FLUCTUATION,5,0.315,147.4,63.31,true,FAIR,58,TT-5.4,COL-A
TT-9234,ThermoTrack,PLANT_01,1773187800000,MCH-012,LINE-B,1772988578000,1772988818000,POWER_FLUCTUATION,5,0.296,156.9,67.37,true,POOR,31,TT-4.9,COL-A
TT-9235,ThermoTrack,PLANT_01,1773187800000,MCH-002,A,1773027395000,1773027575000,POWER_FLUCTUATION,4,0.349,148.1,82.94,true,POOR,30,TT-5.4,COL-B
TT-9236,ThermoTrack,PLANT_01,1773187800000,MCH-002,A,1773099144000,1773120744000,POWER_FLUCTUATION,5,0.334,160.4,59.25,true,POOR,47,TT-5.4,COL-A
TT-9237,ThermoTrack,PLANT_01,1773187800000,MCH-002,A,1772681684000,1772681744000,POWER_FLUCTUATION,5,0.587,152.2,19.77,true,POOR,32,TT-4.9,COL-C
TT-9238,ThermoTrack,PLANT_01,1773187800000,MCH-010,C,1773091690000,1773091990000,POWER_FLUCTUATION,4,0.496,188.1,26.12,true,FAIR,71,TT-5.4,COL-B
TT-9239,ThermoTrack,PLANT_01,1773187800000,MCH-012,B,1773049287000,1773049647000,POWER_FLUCTUATION,5,0.337,162.7,25.46,true,FAIR,77,TT-5.4,COL-A
TT-9240,ThermoTrack,PLANT_01,1773187800000,MCH-002,A,1772927275000,1772927575000,POWER_FLUCTUATION,4,0.399,172.7,33.54,true,FAIR,63,TT-4.9,COL-B
TT-9241,ThermoTrack,PLANT_01,1773187800000,MCH-010,C,1772443400000,1772443880000,POWER_FLUCTUATION,4,0.322,188.1,36.31,true,FAIR,59,TT-4.9,COL-B
TT-9242,ThermoTrack,PLANT_01,1773187800000,MCH-002,A,1772658743000,1772658983000,POWER_FLUCTUATION,4,0.081,192.1,90.1,true,FAIR,59,TT-5.5,COL-C
TT-9243,ThermoTrack,PLANT_01,1773187800000,MCH-010,C,1772686729000,1772687209000,POWER_FLUCTUATION,4,0.202,180.4,13.49,true,FAIR,80,TT-5.5,COL-C
TT-9244,ThermoTrack,PLANT_01,1773187800000,MCH-012,B,1773063074000,1773063254000,POWER_FLUCTUATION,4,0.33,166.4,25.36,true,POOR,24,TT-4.9,COL-B
TT-9245,ThermoTrack,PLANT_01,1773187800000,MCH-010,C,1772983511000,1772983691000,POWER_FLUCTUATION,4,0.467,177.9,28.3,true,GOOD,91,TT-5.5,COL-A
TT-9246,ThermoTrack,PLANT_01,1773187800000,MCH-004,B,1772964837000,1772965257000,POWER_FLUCTUATION,4,0.52,165.5,26.69,true,GOOD,86,TT-4.9,COL-B
TT-9247,ThermoTrack,PLANT_01,1773187800000,MCH-010,C,1773144930000,1773144990000,POWER_FLUCTUATION,5,0.562,183.7,40.37,true,GOOD,93,TT-5.5,COL-A
TT-9248,ThermoTrack,PLANT_01,1773187800000,MCH-010,C,1773143318000,1773143738000,POWER_FLUCTUATION,3,0.338,144.1,36.48,true,FAIR,65,TT-4.9,COL-B
TT-9249,ThermoTrack,PLANT_01,1773187800000,MCH-008,B,1772380007000,1772380067000,POWER_FLUCTUATION,4,0.072,170.0,92.68,true,FAIR,63,TT-5.5,COL-A
TT-9250,ThermoTrack,PLANT_01,1773187800000,MCH-012,B,1773060113000,1773060293000,POWER_FLUCTUATION,3,0.213,156.9,28.81,true,GOOD,84,TT-4.9,COL-B
TT-9251,ThermoTrack,PLANT_01,1773187800000,MCH-008,B,1772441851000,1772442091000,POWER_FLUCTUATION,3,0.284,173.2,102.2,true,POOR,47,TT-5.4,COL-A
TT-9252,ThermoTrack,PLANT_01,1773187800000,MCH-002,A,1773115991000,1773116291000,POWER_FLUCTUATION,3,,182.4,66.07,true,GOOD,94,TT-5.4,COL-B
TT-9253,ThermoTrack,PLANT_01,1773187800000,MCH-002,A,1773176824000,1773176884000,POWER_FLUCTUATION,4,0.076,179.2,35.92,true,FAIR,56,TT-5.4,COL-A
TT-9254,ThermoTrack,PLANT_01,1773187800000,MCH-008,B,1772774231000,1772774711000,POWER_FLUCTUATION,4,0.217,186.9,32.35,true,FAIR,72,TT-4.9,COL-A
TT-9255,ThermoTrack,PLANT_01,1773187800000,MCH-010,C,1773066659000,1773066899000,POWER_FLUCTUATION,4,0.316,181.6,21.8,true,GOOD,87,TT-5.4,COL-A
TT-9256,ThermoTrack,PLANT_01,1773187800000,MCH-012,B,1772439112000,1772439532000,POWER_FLUCTUATION,4,0.21,175.1,82.52,true,GOOD,92,TT-5.4,COL-C
TT-9257,ThermoTrack,PLANT_01,1773187800000,MCH-002,A,1772673073000,1772673133000,POWER_FLUCTUATION,5,0.153,,77.45,true,GOOD,97,TT-5.4,COL-A
TT-9258,ThermoTrack,PLANT_01,1773187800000,MCH-004,B,1772333262000,1772335062000,POWER_FLUCTUATION,5,0.307,192.8,26.02,true,GOOD,91,TT-5.5,COL-B
TT-9259,ThermoTrack,PLANT_01,1773187800000,MCH-002,A,1772357197000,1772358997000,POWER_FLUCTUATION,3,0.352,180.4,24.82,true,FAIR,66,TT-4.9,COL-A
TT-9260,ThermoTrack,PLANT_01,1773187800000,MCH-012,B,1772602041000,1772602281000,POWER_FLUCTUATION,5,0.394,167.9,70.84,true,GOOD,89,TT-5.4,COL-B
TT-9261,ThermoTrack,PLANT_01,1773187800000,MCH-012,B,1772905227000,1772905527000,POWER_FLUCTUATION,3,0.469,171.1,61.93,true,GOOD,32,TT-4.9,COL-B
TT-9262,ThermoTrack,PLANT_01,1773187800000,MCH-008,B,1773182919000,1773204519000,POWER_FLUCTUATION,5,0.242,133.1,24.38,true,FAIR,25,TT-5.5,COL-A
TT-9263,ThermoTrack,PLANT_01,1773187800000,MCH-002,LINE-A,1773175457000,1773175697000,POWER_FLUCTUATION,5,0.387,177.4,54.09,true,FAIR,78,TT-5.5,COL-B
TT-9264,ThermoTrack,PLANT_01,1773187800000,MCH-008,B,1772471802000,1772477202000,POWER_FLUCTUATION,5,0.614,156.2,89.12,true,FAIR,55,TT-5.4,COL-C
TT-9265,ThermoTrack,PLANT_01,1773187800000,MCH-010,C,1772847237000,1772847297000,POWER_FLUCTUATION,4,0.294,180.0,14.96,true,FAIR,61,TT-4.9,COL-A
TT-9266,ThermoTrack,PLANT_01,1773187800000,MCH-008,B,1772978093000,1772978273000,POWER_FLUCTUATION,3,0.495,148.5,112.92,true,POOR,28,TT-5.4,COL-C
TT-9267,ThermoTrack,PLANT_01,1773187800000,MCH-002,A,1773019432000,1773073432000,POWER_FLUCTUATION,4,0.195,148.4,90.02,true,GOOD,83,TT-4.9,COL-A
TT-9268,ThermoTrack,PLANT_01,1773187800000,MCH-012,B,1772553708000,1772553888000,POWER_FLUCTUATION,3,0.232,120.4,61.64,true,POOR,96,TT-5.5,COL-C
TT-9269,ThermoTrack,PLANT_01,1773187800000,MCH-002,A,1773094282000,1773094702000,POWER_FLUCTUATION,5,0.243,167.8,60.6,true,POOR,52,TT-5.5,COL-A
TT-9270,ThermoTrack,PLANT_01,1773187800000,MCH-002,A,1773088870000,1773089050000,POWER_FLUCTUATION,4,0.237,165.3,83.35,true,POOR,25,TT-4.9,COL-A
TT-9271,ThermoTrack,PLANT_01,1773187800000,MCH-008,B,1773105522000,1773105642000,POWER_FLUCTUATION,5,0.153,188.8,85.86,true,FAIR,62,TT-4.9,COL-C
TT-9272,ThermoTrack,PLANT_01,1773187800000,MCH-004,LINE-B,1772334470000,1772339870000,POWER_FLUCTUATION,3,0.37,147.0,73.47,true,FAIR,73,TT-5.4,COL-A
TT-9273,ThermoTrack,PLANT_01,1773187800000,MCH-008,B,1772603441000,1772603621000,POWER_FLUCTUATION,3,0.406,171.7,47.0,true,GOOD,91,TT-4.9,COL-A
TT-9274,ThermoTrack,PLANT_01,1773187800000,MCH-008,B,1772328884000,1772329184000,POWER_FLUCTUATION,3,0.383,166.4,114.45,true,FAIR,81,TT-5.5,COL-A
TT-9275,ThermoTrack,PLANT_01,1773187800000,MCH-008,B,1772537925000,1772538345000,POWER_FLUCTUATION,5,0.294,151.8,31.22,true,FAIR,76,TT-5.4,COL-B
TT-9276,ThermoTrack,PLANT_01,1773187800000,MCH-004,B,1772955239000,1772957039000,POWER_FLUCTUATION,5,0.282,168.2,90.79,true,POOR,32,TT-5.5,COL-B
TT-9277,ThermoTrack,PLANT_01,1773187800000,MCH-002,A,1772704953000,1772705253000,POWER_FLUCTUATION,4,0.196,173.1,15.26,true,POOR,40,TT-5.4,COL-C
TT-9278,ThermoTrack,PLANT_01,1773187800000,MCH-002,A,1772342585000,1772396585000,POWER_FLUCTUATION,4,0.407,151.2,18.58,true,POOR,32,TT-5.4,COL-A
TT-9279,ThermoTrack,PLANT_01,1773187800000,MCH-008,B,1772744329000,1772744689000,POWER_FLUCTUATION,4,0.36,147.4,87.39,true,FAIR,81,TT-4.9,COL-A
TT-9280,ThermoTrack,PLANT_01,1773187800000,MCH-011,D,1772782871000,1772783231000,SENSOR_OFFLINE,2,,142.8,,true,POOR,37,TT-5.4,COL-A
TT-9281,ThermoTrack,PLANT_01,1773187800000,MCH-012,B,1772596995000,1772618595000,SENSOR_OFFLINE,3,0.094,,44.26,false,FAIR,78,TT-5.5,COL-A
TT-9282,ThermoTrack,PLANT_01,1773187800000,MCH-012,B,1772836876000,1772837356000,SENSOR_OFFLINE,3,,,57.26,true,POOR,34,TT-5.5,COL-C
TT-9283,ThermoTrack,PLANT_01,1773187800000,MCH-003,B,1773092044000,1773092224000,SENSOR_OFFLINE,3,,162.4,,false,FAIR,73,TT-5.4,COL-C
TT-9284,ThermoTrack,PLANT_01,1773187800000,MCH-011,D,1772363504000,1772363744000,SENSOR_OFFLINE,3,,140.7,,false,POOR,52,TT-5.4,COL-A
TT-9285,ThermoTrack,PLANT_01,1773187800000,MCH-011,D,1772798081000,1772798501000,SENSOR_OFFLINE,3,,,,true,POOR,61,TT-5.5,COL-A
TT-9286,ThermoTrack,PLANT_01,1773187800000,MCH-004,B,1773081212000,1773102812000,SENSOR_OFFLINE,3,,,,true,POOR,39,TT-4.9,COL-A
TT-9287,ThermoTrack,PLANT_01,1773187800000,MCH-004,B,1773005019000,1773005199000,SENSOR_OFFLINE,4,0.238,178.6,56.45,true,POOR,49,TT-5.4,COL-B
TT-9288,ThermoTrack,PLANT_01,1773187800000,MCH-004,B,1772874687000,1772874927000,SENSOR_OFFLINE,4,0.132,145.8,,false,POOR,32,TT-4.9,COL-C
TT-9289,ThermoTrack,PLANT_01,1773187800000,MCH-011,D,1773146012000,1773146252000,SENSOR_OFFLINE,4,,164.0,,true,POOR,25,TT-5.5,COL-C
TT-9290,ThermoTrack,PLANT_01,1773187800000,MCH-003,B,1772329174000,1772329414000,SENSOR_OFFLINE,3,0.052,,,false,FAIR,76,TT-5.5,COL-B
TT-9291,ThermoTrack,PLANT_01,1773187800000,MCH-004,B,1772952098000,1772952578000,SENSOR_OFFLINE,4,,,51.0,false,POOR,58,TT-4.9,COL-A
TT-9292,ThermoTrack,PLANT_01,1773187800000,MCH-003,B,1772590154000,1772590274000,SENSOR_OFFLINE,4,0.153,145.4,26.65,true,POOR,50,TT-4.9,COL-A
TT-9293,ThermoTrack,PLANT_01,1773187800000,MCH-012,B,1772693741000,1772693801000,SENSOR_OFFLINE,3,,,,true,FAIR,79,TT-4.9,COL-C
TT-9294,ThermoTrack,PLANT_01,1773187800000,MCH-011,D,1773158741000,1773159221000,SENSOR_OFFLINE,4,,,8.38,false,FAIR,55,TT-4.9,COL-C
TT-9295,ThermoTrack,PLANT_01,1773187800000,MCH-011,D,1772952957000,1772953257000,SENSOR_OFFLINE,2,,,,true,POOR,21,TT-4.9,COL-A
TT-9296,ThermoTrack,PLANT_01,1773187800000,MCH-012,B,1772830772000,1772884772000,SENSOR_OFFLINE,4,,,47.56,true,FAIR,82,TT-5.4,COL-B
TT-9297,ThermoTrack,PLANT_01,1773187800000,MCH-012,B,1772453340000,1772453760000,SENSOR_OFFLINE,4,,,,true,POOR,37,TT-5.4,COL-B
TT-9298,ThermoTrack,PLANT_01,1773187800000,MCH-007,C,1772698240000,1772698420000,SENSOR_OFFLINE,4,,,10.69,false,POOR,46,TT-4.9,COL-A
TT-9299,ThermoTrack,PLANT_01,1773187800000,MCH-004,B,1772476754000,1772476814000,SENSOR_OFFLINE,3,,,45.76,false,FAIR,75,TT-5.4,COL-A
TT-9300,ThermoTrack,PLANT_01,1773187800000,MCH-003,B,1772611875000,1772612355000,SENSOR_OFFLINE,3,,160.0,,false,FAIR,76,TT-5.4,COL-B
TT-9301,ThermoTrack,PLANT_01,1773187800000,MCH-007,C,1772590613000,1772591033000,SENSOR_OFFLINE,4,,,12.29,true,POOR,34,TT-5.5,COL-A
TT-9302,ThermoTrack,PLANT_01,1773187800000,MCH-012,B,1773116309000,1773116489000,SENSOR_OFFLINE,4,0.27,,,true,POOR,31,TT-4.9,COL-C
TT-9303,ThermoTrack,PLANT_01,1773187800000,MCH-012,B,1772486186000,1772486426000,SENSOR_OFFLINE,4,,,,false,POOR,57,TT-4.9,COL-C
TT-9304,ThermoTrack,PLANT_01,1773187800000,MCH-007,C,1772901238000,1772901658000,SENSOR_OFFLINE,4,,147.1,,false,POOR,51,TT-5.5,COL-C
TT-9305,ThermoTrack,PLANT_01,1773187800000,MCH-011,D,1773090927000,1773091167000,SENSOR_OFFLINE,2,,,,false,FAIR,78,TT-4.9,COL-A
TT-9306,ThermoTrack,PLANT_01,1773187800000,MCH-011,D,1772447125000,1772447245000,SENSOR_OFFLINE,2,,148.8,9.55,true,POOR,61,TT-4.9,COL-A
TT-9307,ThermoTrack,PLANT_01,1773187800000,MCH-007,C,1773179118000,1773179598000,SENSOR_OFFLINE,4,0.253,,,true,POOR,40,TT-4.9,COL-B
TT-9308,ThermoTrack,PLANT_01,1773187800000,MCH-011,LINE-D,1773052910000,1773053150000,SENSOR_OFFLINE,4,0.225,,1.67,true,POOR,58,TT-5.4,COL-C
TT-9309,ThermoTrack,PLANT_01,1773187800000,MCH-003,LINE-B,1772872437000,1772872497000,SENSOR_OFFLINE,4,,184.8,26.57,false,FAIR,75,TT-5.5,COL-C
TT-9310,ThermoTrack,PLANT_01,1773187800000,MCH-012,B,1772422019000,1772422079000,SENSOR_OFFLINE,4,,,,true,FAIR,70,TT-5.4,COL-C
TT-9311,ThermoTrack,PLANT_01,1773187800000,MCH-011,LINE-D,1772544904000,1772545084000,SENSOR_OFFLINE,4,,,,false,POOR,46,TT-5.4,COL-C
TT-9312,ThermoTrack,PLANT_01,1773187800000,MCH-007,C,1772499482000,1772499722000,SENSOR_OFFLINE,2,,146.2,8.08,true,POOR,38,TT-5.5,COL-B
TT-9313,ThermoTrack,PLANT_01,1773187800000,MCH-007,C,1772604935000,1772605295000,SENSOR_OFFLINE,4,,,,false,FAIR,55,TT-5.5,COL-B
TT-9314,ThermoTrack,PLANT_01,1773187800000,MCH-011,LINE-D,1773067418000,1773067778000,SENSOR_OFFLINE,2,0.144,,4.28,false,POOR,36,TT-5.4,COL-C
TT-9315,ThermoTrack,PLANT_01,1773187800000,MCH-007,C,1772872070000,1772872550000,SENSOR_OFFLINE,3,,,,false,FAIR,76,TT-5.4,COL-C
TT-9316,ThermoTrack,PLANT_01,1773187800000,MCH-004,B,1772714763000,1772715483000,SENSOR_OFFLINE,4,,,,false,FAIR,58,TT-5.5,COL-A
TT-9317,ThermoTrack,PLANT_01,1773187800000,MCH-003,B,1772567618000,1772567678000,SENSOR_OFFLINE,4,,,8.94,false,FAIR,81,TT-4.9,COL-B
TT-9318,ThermoTrack,PLANT_01,1773187800000,MCH-004,B,1772597200000,1772597500000,SENSOR_OFFLINE,4,0.154,,,false,FAIR,82,TT-4.9,COL-A
TT-9319,ThermoTrack,PLANT_01,1773187800000,MCH-012,B,1772733608000,1772733668000,SENSOR_OFFLINE,2,,,44.78,false,POOR,22,TT-4.9,COL-C
TT-9320,ThermoTrack,PLANT_01,1773187800000,MCH-003,B,1772872110000,1772872410000,SENSOR_OFFLINE,2,,,23.73,false,FAIR,57,TT-4.9,COL-A
TT-9321,ThermoTrack,PLANT_01,1773187800000,MCH-007,C,1772695326000,1772695506000,SENSOR_OFFLINE,2,,,,false,POOR,38,TT-5.5,COL-C
TT-9322,ThermoTrack,PLANT_01,1773187800000,MCH-004,B,1772479389000,1772479689000,SENSOR_OFFLINE,2,,,,false,POOR,54,TT-4.9,COL-C
TT-9323,ThermoTrack,PLANT_01,1773187800000,MCH-007,C,1772952957000,1772953257000,SENSOR_OFFLINE,2,,165.6,,true,POOR,44,TT-5.5,COL-A
TT-9324,ThermoTrack,PLANT_01,1773187800000,MCH-003,B,1772499915000,1772500095000,SENSOR_OFFLINE,3,0.059,,12.78,false,FAIR,55,TT-5.5,COL-C
TT-9325,ThermoTrack,PLANT_01,1773187800000,MCH-012,B,1772648279000,1772648399000,SENSOR_OFFLINE,2,,,,false,POOR,20,TT-4.9,COL-C
TT-9326,ThermoTrack,PLANT_01,1773187800000,MCH-004,B,1772333995000,1772334355000,SENSOR_OFFLINE,2,,,62.66,true,POOR,49,TT-5.5,COL-C
TT-9327,ThermoTrack,PLANT_01,1773187800000,MCH-012,B,1772910503000,1772910983000,SENSOR_OFFLINE,2,0.241,,51.43,true,FAIR,64,TT-5.5,COL-B
TT-9328,ThermoTrack,PLANT_01,1773187800000,MCH-003,B,1772903708000,1772957708000,SENSOR_OFFLINE,2,,149.2,17.19,false,POOR,60,TT-5.5,COL-C
TT-9329,ThermoTrack,PLANT_01,1773187800000,MCH-011,LINE-D,1773147954000,1773169554000,SENSOR_OFFLINE,3,0.256,,,false,FAIR,55,TT-5.5,COL-A
TT-9330,ThermoTrack,PLANT_01,1773187800000,MCH-007,C,1773149288000,1773149348000,SENSOR_OFFLINE,3,,,,false,FAIR,80,TT-5.5,COL-C
TT-9331,ThermoTrack,PLANT_01,1773187800000,MCH-012,B,1772393003000,1772393363000,SENSOR_OFFLINE,2,,,,true,FAIR,71,TT-4.9,COL-A
TT-9332,ThermoTrack,PLANT_01,1773187800000,MCH-012,B,1772499376000,1772499736000,SENSOR_OFFLINE,3,,,,false,FAIR,77,TT-4.9,COL-A
TT-9333,ThermoTrack,PLANT_01,1773187800000,MCH-011,D,1772775607000,1772776027000,SENSOR_OFFLINE,4,0.288,,11.46,false,POOR,44,TT-5.4,COL-C
TT-9334,ThermoTrack,PLANT_01,1773187800000,MCH-011,D,1772640045000,1772640525000,SENSOR_OFFLINE,4,,,-1.88,false,FAIR,72,TT-5.4,COL-A
TT-9335,ThermoTrack,PLANT_01,1773187800000,MCH-007,C,1772421756000,1772422236000,SENSOR_OFFLINE,2,,,,false,POOR,56,TT-5.5,COL-B
TT-9336,ThermoTrack,PLANT_01,1773187800000,MCH-011,D,1772506135000,1772506375000,SENSOR_OFFLINE,4,0.306,,12.67,false,POOR,30,TT-5.4,COL-C
TT-9337,ThermoTrack,PLANT_01,1773187800000,MCH-004,B,1772655641000,1772656001000,SENSOR_OFFLINE,2,,,,true,POOR,37,TT-5.5,COL-A
TT-9338,ThermoTrack,PLANT_01,1773187800000,MCH-011,D,1772615071000,1772615191000,SENSOR_OFFLINE,4,,,,true,POOR,41,TT-5.4,COL-B
TT-9339,ThermoTrack,PLANT_01,1773187800000,MCH-011,D,1772758220000,1772758520000,SENSOR_OFFLINE,3,,,,true,POOR,29,TT-5.4,COL-B
TT-9340,ThermoTrack,PLANT_01,1773187800000,MCH-003,B,1773035629000,1773035689000,SENSOR_OFFLINE,2,0.05,,,false,POOR,50,TT-5.4,COL-B
TT-9341,ThermoTrack,PLANT_01,1773187800000,MCH-011,D,1772872223000,1772872703000,SENSOR_OFFLINE,2,,143.4,11.73,false,POOR,23,TT-5.4,COL-B
TT-9342,ThermoTrack,PLANT_01,1773187800000,MCH-011,D,1772987141000,1772987321000,SENSOR_OFFLINE,3,,134.2,,false,FAIR,77,TT-5.4,COL-C
TT-9343,ThermoTrack,PLANT_01,1773187800000,MCH-004,B,1772674000000,1772674120000,SENSOR_OFFLINE,3,0.197,172.8,,false,POOR,56,TT-4.9,COL-B
TT-9344,ThermoTrack,PLANT_01,1773187800000,MCH-007,LINE-C,1773147634000,1773147994000,SENSOR_OFFLINE,4,,141.9,14.47,true,POOR,46,TT-5.5,COL-B
TT-9345,ThermoTrack,PLANT_01,1773187800000,MCH-011,D,1772452787000,1772452907000,SENSOR_OFFLINE,2,0.355,,,false,POOR,59,TT-5.5,COL-C
TT-9346,ThermoTrack,PLANT_01,1773187800000,MCH-003,B,1772547316000,1772547616000,SENSOR_OFFLINE,2,,,10.85,false,POOR,60,TT-5.4,COL-B
TT-9347,ThermoTrack,PLANT_01,1773187800000,MCH-012,LINE-B,1772776487000,1772776967000,SENSOR_OFFLINE,4,,,,true,FAIR,67,TT-5.4,COL-B
TT-9348,ThermoTrack,PLANT_01,1773187800000,MCH-004,B,1773042072000,1773042372000,SENSOR_OFFLINE,4,0.242,,,false,POOR,47,TT-4.9,COL-B
TT-9349,ThermoTrack,PLANT_01,1773187800000,MCH-004,B,1772880949000,1772881069000,SENSOR_OFFLINE,3,,,,false,FAIR,68,TT-5.5,COL-B
TT-9350,ThermoTrack,PLANT_01,1773187800000,MCH-011,D,1772420486000,1772420906000,SENSOR_OFFLINE,3,,,,true,POOR,42,TT-5.4,COL-A
TT-9351,ThermoTrack,PLANT_01,1773187800000,MCH-011,D,1772746817000,1772746877000,SENSOR_OFFLINE,2,,,,true,POOR,42,TT-5.5,COL-B
TT-9352,ThermoTrack,PLANT_01,1773187800000,MCH-011,D,1772495397000,1772495817000,SENSOR_OFFLINE,3,0.192,,,false,POOR,52,TT-5.4,COL-B
TT-9353,ThermoTrack,PLANT_01,1773187800000,MCH-007,C,1773175742000,1773175922000,SENSOR_OFFLINE,4,,,,false,POOR,46,TT-5.4,COL-A
TT-9354,ThermoTrack,PLANT_01,1773187800000,MCH-011,D,1773005121000,1773005841000,SENSOR_OFFLINE,4,,,,false,FAIR,73,TT-4.9,COL-A
TT-9355,ThermoTrack,PLANT_01,1773187800000,MCH-007,C,1772790758000,1772792558000,SENSOR_OFFLINE,3,0.32,174.3,,false,POOR,20,TT-5.5,COL-B
TT-9356,ThermoTrack,PLANT_01,1773187800000,MCH-003,B,1772779333000,1772779633000,SENSOR_OFFLINE,3,0.112,,16.19,false,FAIR,73,TT-4.9,COL-A
TT-9357,ThermoTrack,PLANT_01,1773187800000,MCH-011,D,1772748060000,1772748240000,SENSOR_OFFLINE,2,0.28,,,false,POOR,21,TT-5.5,COL-A
TT-9358,ThermoTrack,PLANT_01,1773187800000,MCH-007,LINE-C,1772474162000,1772474882000,SENSOR_OFFLINE,2,,141.4,,false,POOR,53,TT-4.9,COL-A
TT-9359,ThermoTrack,PLANT_01,1773187800000,MCH-011,D,1772815593000,1772816013000,SENSOR_OFFLINE,4,,,3.14,true,POOR,47,TT-5.4,COL-C
TT-9360,ThermoTrack,PLANT_01,1773187800000,MCH-004,B,1773033515000,1773033635000,SENSOR_OFFLINE,3,0.202,,,true,POOR,57,TT-5.4,COL-C
TT-9361,ThermoTrack,PLANT_01,1773187800000,MCH-003,B,1772992985000,1772993345000,SENSOR_OFFLINE,3,,141.0,18.65,true,FAIR,68,TT-4.9,COL-C
TT-9362,ThermoTrack,PLANT_01,1773187800000,MCH-007,C,1772736479000,1772736539000,SENSOR_OFFLINE,2,,,,true,POOR,50,TT-4.9,COL-C
TT-9363,ThermoTrack,PLANT_01,1773187800000,MCH-011,D,1773019612000,1773019912000,SENSOR_OFFLINE,3,,,5.92,true,FAIR,73,TT-4.9,COL-B
TT-9364,ThermoTrack,PLANT_01,1773187800000,MCH-011,D,1773100828000,1773101068000,SENSOR_OFFLINE,3,,,16.17,true,FAIR,66,TT-5.4,COL-B
TT-9365,ThermoTrack,PLANT_01,1773187800000,MCH-012,B,1772380295000,1772380595000,SENSOR_OFFLINE,4,,,54.32,true,FAIR,68,TT-4.9,COL-A
TT-9366,ThermoTrack,PLANT_01,1773187800000,MCH-007,C,1772339803000,1772339923000,SENSOR_OFFLINE,3,,,13.68,true,FAIR,59,TT-4.9,COL-C
TT-9367,ThermoTrack,PLANT_01,1773187800000,MCH-004,B,1772703654000,1772703714000,SENSOR_OFFLINE,4,0.16,,55.46,false,POOR,57,TT-5.4,COL-A
TT-9368,ThermoTrack,PLANT_01,1773187800000,MCH-012,B,1772467477000,1772467897000,SENSOR_OFFLINE,4,,,48.94,false,POOR,35,TT-4.9,COL-B
TT-9369,ThermoTrack,PLANT_01,1773187800000,MCH-011,LINE-D,1772805680000,1772806160000,SENSOR_OFFLINE,3,,,,true,POOR,26,TT-5.4,COL-C
TT-9370,ThermoTrack,PLANT_01,1773187800000,MCH-003,B,1772537526000,1772537766000,SENSOR_OFFLINE,3,,,18.6,false,POOR,22,TT-5.5,COL-B
TT-9371,ThermoTrack,PLANT_01,1773187800000,MCH-003,B,1772851453000,1772851693000,SENSOR_OFFLINE,2,0.125,,,false,POOR,23,TT-5.4,COL-B
TT-9372,ThermoTrack,PLANT_01,1773187800000,MCH-004,B,1772759587000,1772760067000,SENSOR_OFFLINE,3,,,53.07,false,FAIR,62,TT-5.5,COL-C
TT-9373,ThermoTrack,PLANT_01,1773187800000,MCH-011,D,1772742332000,1772742392000,SENSOR_OFFLINE,3,,148.8,5.01,false,POOR,40,TT-5.5,COL-A
TT-9374,ThermoTrack,PLANT_01,1773187800000,MCH-007,C,1772820642000,1772820882000,SENSOR_OFFLINE,2,0.35,,9.78,false,FAIR,72,TT-4.9,COL-A
TT-9375,ThermoTrack,PLANT_01,1773187800000,MCH-011,LINE-D,1773138965000,1773139325000,SENSOR_OFFLINE,3,,167.5,-2.37,false,POOR,35,TT-4.9,COL-B
TT-9376,ThermoTrack,PLANT_01,1773187800000,MCH-007,C,1772346749000,1772347049000,SENSOR_OFFLINE,2,,111.2,13.74,true,POOR,59,TT-5.4,COL-B
TT-9377,ThermoTrack,PLANT_01,1773187800000,MCH-011,D,1772326101000,1772326221000,SENSOR_OFFLINE,2,0.133,169.6,,true,POOR,37,TT-4.9,COL-B
TT-9378,ThermoTrack,PLANT_01,1773187800000,MCH-012,B,1772380785000,1772380965000,SENSOR_OFFLINE,4,,,53.43,false,POOR,60,TT-5.4,COL-A
TT-9379,ThermoTrack,PLANT_01,1773187800000,MCH-007,C,1772351391000,1772405391000,SENSOR_OFFLINE,2,,129.9,,true,FAIR,67,TT-5.5,COL-A
TT-9380,ThermoTrack,PLANT_01,1773187800000,MCH-004,B,1772694326000,1772694446000,SENSOR_OFFLINE,3,,,,false,FAIR,59,TT-5.5,COL-C
TT-9381,ThermoTrack,PLANT_01,1773187800000,MCH-004,B,1772362144000,1772362264000,SENSOR_OFFLINE,2,0.333,,,true,FAIR,63,TT-5.4,COL-B
TT-9382,ThermoTrack,PLANT_01,1773187800000,MCH-011,D,1772929510000,1772929930000,SENSOR_OFFLINE,2,,139.5,,false,POOR,44,TT-5.4,COL-B
TT-9383,ThermoTrack,PLANT_01,1773187800000,MCH-007,C,1772696353000,1772696593000,SENSOR_OFFLINE,2,,129.8,,true,FAIR,67,TT-5.4,COL-B
TT-9384,ThermoTrack,PLANT_01,1773187800000,MCH-004,B,1772349073000,1772349373000,SENSOR_OFFLINE,4,,175.5,54.08,true,POOR,45,TT-5.5,COL-A
TT-9385,ThermoTrack,PLANT_01,1773187800000,MCH-011,D,1772850014000,1772850134000,SENSOR_OFFLINE,4,,,,false,POOR,57,TT-5.4,COL-A
TT-9386,ThermoTrack,PLANT_01,1773187800000,MCH-012,LINE-B,1772435716000,1772436016000,SENSOR_OFFLINE,4,0.222,,,true,POOR,48,TT-5.5,COL-C
TT-9387,ThermoTrack,PLANT_01,1773187800000,MCH-012,B,1772416352000,1772416592000,SENSOR_OFFLINE,2,,,,false,POOR,25,TT-5.4,COL-B
TT-9388,ThermoTrack,PLANT_01,1773187800000,MCH-011,D,1772796394000,1772796754000,SENSOR_OFFLINE,3,,,1.72,true,POOR,49,TT-5.4,COL-B
TT-9389,ThermoTrack,PLANT_01,1773187800000,MCH-004,B,1772963873000,1772964173000,SENSOR_OFFLINE,2,,,55.56,false,POOR,45,TT-5.4,COL-A
TT-9390,ThermoTrack,PLANT_01,1773187800000,MCH-011,D,1772376491000,1772376671000,SENSOR_OFFLINE,4,,,18.26,false,FAIR,67,TT-5.5,COL-A
TT-9391,ThermoTrack,PLANT_01,1773187800000,MCH-011,D,1772397316000,1772397496000,SENSOR_OFFLINE,3,0.146,,,false,POOR,22,TT-5.4,COL-B
TT-9392,ThermoTrack,PLANT_01,1773187800000,MCH-011,D,1772900348000,1772900408000,SENSOR_OFFLINE,2,,,,true,POOR,33,TT-5.5,COL-C
TT-9393,ThermoTrack,PLANT_01,1773187800000,MCH-011,D,1772543016000,1772543256000,SENSOR_OFFLINE,2,,,,true,POOR,46,TT-4.9,COL-B
TT-9394,ThermoTrack,PLANT_01,1773187800000,MCH-012,B,1772536099000,1772536399000,SENSOR_OFFLINE,2,,,45.91,false,POOR,57,TT-5.5,COL-A
TT-9395,ThermoTrack,PLANT_01,1773187800000,MCH-012,B,1772769340000,1772769700000,SENSOR_OFFLINE,4,,139.9,48.91,true,FAIR,65,TT-5.5,COL-B
TT-9396,ThermoTrack,PLANT_01,1773187800000,MCH-012,B,1772650056000,1772650476000,SENSOR_OFFLINE,2,,169.3,,false,POOR,50,TT-5.5,COL-A
TT-9397,ThermoTrack,PLANT_01,1773187800000,MCH-011,D,1773157777000,1773158017000,SENSOR_OFFLINE,4,,,,false,POOR,60,TT-4.9,COL-C
TT-9398,ThermoTrack,PLANT_01,1773187800000,MCH-003,B,1773058455000,1773080055000,SENSOR_OFFLINE,2,,137.9,,true,POOR,60,TT-4.9,COL-A
TT-9399,ThermoTrack,PLANT_01,1773187800000,MCH-012,B,1772532102000,1772586102000,SENSOR_OFFLINE,3,,,35.39,false,FAIR,73,TT-5.4,COL-C
TT-9400,ThermoTrack,PLANT_01,1773187800000,MCH-008,B,1773069274000,1773069514000,COOLING_FAULT,5,0.348,193.8,77.7,true,POOR,35,TT-5.4,COL-B
TT-9401,ThermoTrack,PLANT_01,1773187800000,MCH-004,B,1772789108000,1772789588000,COOLING_FAULT,4,0.162,215.7,64.88,true,FAIR,72,TT-5.5,COL-C
TT-9402,ThermoTrack,PLANT_01,1773187800000,MCH-002,A,1772527627000,1772528347000,COOLING_FAULT,3,0.631,183.5,47.28,true,GOOD,87,TT-5.5,COL-B
TT-9403,ThermoTrack,PLANT_01,1773187800000,MCH-002,A,1773125292000,1773130692000,COOLING_FAULT,4,0.347,155.4,53.42,true,POOR,25,TT-4.9,COL-A
TT-9404,ThermoTrack,PLANT_01,1773187800000,MCH-002,A,1772729804000,1772730044000,COOLING_FAULT,4,0.27,167.2,57.11,true,POOR,26,TT-5.5,COL-A
TT-9405,ThermoTrack,PLANT_01,1773187800000,MCH-002,A,1773095149000,1773095329000,COOLING_FAULT,4,0.365,178.0,52.22,true,POOR,37,TT-5.4,COL-B
TT-9406,ThermoTrack,PLANT_01,1773187800000,MCH-004,B,1772735393000,1772735693000,COOLING_FAULT,4,0.255,179.8,57.6,true,FAIR,82,TT-5.5,COL-C
TT-9407,ThermoTrack,PLANT_01,1773187800000,MCH-002,A,1772395816000,1772395936000,COOLING_FAULT,5,0.164,205.3,54.84,true,GOOD,83,TT-4.9,COL-A
TT-9408,ThermoTrack,PLANT_01,1773187800000,MCH-004,B,1772361189000,1772361309000,COOLING_FAULT,5,0.071,175.9,70.64,true,GOOD,83,TT-5.4,COL-A
TT-9409,ThermoTrack,PLANT_01,1773187800000,MCH-001,A,1773079812000,1773079932000,COOLING_FAULT,4,0.082,160.3,40.86,true,GOOD,88,TT-5.4,COL-C
TT-9410,ThermoTrack,PLANT_01,1773187800000,MCH-006,C,1772983086000,1772983206000,COOLING_FAULT,3,0.444,128.6,40.77,true,GOOD,85,TT-4.9,COL-A
TT-9411,ThermoTrack,PLANT_01,1773187800000,MCH-008,B,1772627399000,1772627519000,COOLING_FAULT,3,,205.3,70.86,true,GOOD,85,TT-5.5,COL-C
TT-9412,ThermoTrack,PLANT_01,1773187800000,MCH-002,A,1772457598000,1772457898000,COOLING_FAULT,4,0.343,187.1,55.38,true,GOOD,88,TT-5.4,COL-C
TT-9413,ThermoTrack,PLANT_01,1773187800000,MCH-004,B,1772401502000,1772401802000,COOLING_FAULT,5,0.264,165.1,61.04,true,FAIR,58,TT-5.5,COL-A
TT-9414,ThermoTrack,PLANT_01,1773187800000,MCH-002,A,1772556605000,1772556965000,COOLING_FAULT,4,0.308,195.7,44.88,true,POOR,61,TT-5.5,COL-C
TT-9415,ThermoTrack,PLANT_01,1773187800000,MCH-006,C,1772396940000,1772397240000,COOLING_FAULT,3,0.227,180.2,23.76,true,POOR,44,TT-4.9,COL-B
TT-9416,ThermoTrack,PLANT_01,1773187800000,MCH-006,C,1772910914000,1772911274000,COOLING_FAULT,2,0.356,158.0,38.85,true,GOOD,98,TT-5.4,COL-B
TT-9417,ThermoTrack,PLANT_01,1773187800000,MCH-008,B,1772408129000,1772408189000,COOLING_FAULT,3,0.289,182.6,73.39,true,POOR,38,TT-4.9,COL-B
TT-9418,ThermoTrack,PLANT_01,1773187800000,MCH-002,A,1772541900000,1772542020000,COOLING_FAULT,4,0.001,187.4,47.12,true,FAIR,75,TT-5.5,COL-C
TT-9419,ThermoTrack,PLANT_01,1773187800000,MCH-008,B,1772984117000,1772984237000,COOLING_FAULT,3,0.336,167.8,71.77,true,FAIR,59,TT-5.4,COL-C
TT-9420,ThermoTrack,PLANT_01,1773187800000,MCH-002,LINE-A,1772495255000,1772495555000,COOLING_FAULT,3,0.269,211.8,37.19,true,POOR,55,TT-5.5,COL-B
TT-9421,ThermoTrack,PLANT_01,1773187800000,MCH-008,B,1772437034000,1772438834000,COOLING_FAULT,4,0.344,196.4,68.93,true,FAIR,59,TT-4.9,COL-C
TT-9422,ThermoTrack,PLANT_01,1773187800000,MCH-008,B,1773134820000,1773135060000,COOLING_FAULT,4,0.258,214.9,77.08,true,GOOD,84,TT-5.4,COL-C
TT-9423,ThermoTrack,PLANT_01,1773187800000,MCH-002,A,1773175245000,1773175365000,COOLING_FAULT,3,0.256,147.9,53.8,true,GOOD,90,TT-4.9,COL-B
TT-9424,ThermoTrack,PLANT_01,1773187800000,MCH-004,B,1772606146000,1772606506000,COOLING_FAULT,5,0.323,193.6,68.2,true,POOR,34,TT-5.5,COL-C
TT-9425,ThermoTrack,PLANT_01,1773187800000,MCH-008,B,1772436642000,1772436882000,COOLING_FAULT,3,0.373,217.5,78.49,true,POOR,56,TT-5.4,COL-B
TT-9426,ThermoTrack,PLANT_01,1773187800000,MCH-004,B,1772866340000,1772866400000,COOLING_FAULT,4,0.481,173.9,56.0,true,FAIR,73,TT-5.4,COL-C
TT-9427,ThermoTrack,PLANT_01,1773187800000,MCH-002,A,1772473833000,1772474313000,COOLING_FAULT,5,0.244,196.0,43.97,true,GOOD,96,TT-5.5,COL-B
TT-9428,ThermoTrack,PLANT_01,1773187800000,MCH-004,B,1772404765000,1772404945000,COOLING_FAULT,4,0.377,204.6,67.52,true,POOR,37,TT-5.4,COL-B
TT-9429,ThermoTrack,PLANT_01,1773187800000,MCH-008,B,1772928699000,1772928879000,COOLING_FAULT,3,0.244,167.7,60.51,true,GOOD,82,TT-4.9,COL-A
TT-9430,ThermoTrack,PLANT_01,1773187800000,MCH-002,A,1772461677000,1772463477000,COOLING_FAULT,4,0.347,203.5,52.78,true,FAIR,74,TT-5.5,COL-C
TT-9431,ThermoTrack,PLANT_01,1773187800000,MCH-006,C,1772773938000,1772774178000,COOLING_FAULT,5,0.301,205.9,24.99,true,GOOD,83,TT-5.4,COL-C
TT-9432,ThermoTrack,PLANT_01,1773187800000,MCH-002,A,1773104541000,1773104601000,COOLING_FAULT,4,0.208,142.2,63.33,true,GOOD,86,TT-5.5,COL-A
TT-9433,ThermoTrack,PLANT_01,1773187800000,MCH-004,B,1773001659000,1773001899000,COOLING_FAULT,5,0.202,198.9,63.21,true,GOOD,95,TT-5.4,COL-A
TT-9434,ThermoTrack,PLANT_01,1773187800000,MCH-006,C,1772559877000,1772559937000,COOLING_FAULT,3,0.395,179.6,31.45,true,FAIR,81,TT-4.9,COL-A
TT-9435,ThermoTrack,PLANT_01,1773187800000,MCH-006,C,1772620174000,1772620534000,COOLING_FAULT,4,0.53,200.3,28.19,true,GOOD,88,TT-5.4,COL-B
TT-9436,ThermoTrack,PLANT_01,1773187800000,MCH-008,B,1772406518000,1772408318000,COOLING_FAULT,3,0.473,190.3,74.73,true,GOOD,90,TT-5.4,COL-C
TT-9437,ThermoTrack,PLANT_01,1773187800000,MCH-008,B,1772671118000,1772672918000,COOLING_FAULT,4,0.445,209.7,71.12,true,POOR,34,TT-5.4,COL-B
TT-9438,ThermoTrack,PLANT_01,1773187800000,MCH-008,B,1772783969000,1772784089000,COOLING_FAULT,5,0.311,175.4,65.6,true,GOOD,93,TT-4.9,COL-A
TT-9439,ThermoTrack,PLANT_01,1773187800000,MCH-004,B,1772981908000,1772982328000,COOLING_FAULT,4,0.39,173.1,64.2,true,GOOD,87,TT-4.9,COL-C
TT-9440,ThermoTrack,PLANT_01,1773187800000,MCH-006,LINE-C,1772861343000,1772861823000,COOLING_FAULT,3,0.188,136.2,25.12,true,FAIR,61,TT-5.4,COL-A
TT-9441,ThermoTrack,PLANT_01,1773187800000,MCH-002,A,1772995531000,1772995891000,COOLING_FAULT,2,0.251,124.4,48.74,true,FAIR,57,TT-5.5,COL-A
TT-9442,ThermoTrack,PLANT_01,1773187800000,MCH-008,B,1772512441000,1772512621000,COOLING_FAULT,3,0.496,195.4,64.93,true,FAIR,61,TT-5.5,COL-B
TT-9443,ThermoTrack,PLANT_01,1773187800000,MCH-006,C,1772970760000,1772970880000,COOLING_FAULT,4,0.331,172.9,22.5,true,FAIR,80,TT-5.5,COL-B
TT-9444,ThermoTrack,PLANT_01,1773187800000,MCH-008,B,1772658297000,1772658477000,COOLING_FAULT,3,0.358,185.2,81.09,true,POOR,31,TT-5.5,COL-B
TT-9445,ThermoTrack,PLANT_01,1773187800000,MCH-004,B,1773185114000,1773185354000,COOLING_FAULT,4,0.416,199.3,62.52,true,FAIR,76,TT-5.5,COL-B
TT-9446,ThermoTrack,PLANT_01,1773187800000,MCH-008,B,1772726956000,1772727676000,COOLING_FAULT,5,0.207,195.4,67.25,true,POOR,20,TT-5.5,COL-C
TT-9447,ThermoTrack,PLANT_01,1773187800000,MCH-002,A,1772881046000,1772881526000,COOLING_FAULT,3,0.332,131.4,61.79,true,FAIR,60,TT-5.4,COL-C
TT-9448,ThermoTrack,PLANT_01,1773187800000,MCH-006,C,1772344599000,1772344959000,COOLING_FAULT,4,0.228,183.7,25.79,true,FAIR,59,TT-5.5,COL-B
TT-9449,ThermoTrack,PLANT_01,1773187800000,MCH-006,C,1773165704000,1773165884000,COOLING_FAULT,4,0.213,133.1,18.56,true,GOOD,98,TT-5.4,COL-B
TT-9450,ThermoTrack,PLANT_01,1773187800000,MCH-002,A,1772549501000,1772549681000,COOLING_FAULT,5,0.248,188.5,40.89,true,FAIR,65,TT-4.9,COL-B
TT-9451,ThermoTrack,PLANT_01,1773187800000,MCH-006,C,1773076186000,1773076606000,COOLING_FAULT,3,0.353,172.5,28.34,true,POOR,28,TT-5.4,COL-A
TT-9452,ThermoTrack,PLANT_01,1773187800000,MCH-004,B,1773149943000,1773150183000,COOLING_FAULT,5,0.255,176.6,64.17,true,GOOD,96,TT-5.5,COL-A
TT-9453,ThermoTrack,PLANT_01,1773187800000,MCH-001,A,1772824030000,1772824090000,COOLING_FAULT,5,0.269,172.2,39.21,true,POOR,38,TT-5.5,COL-C
TT-9454,ThermoTrack,PLANT_01,1773187800000,MCH-002,A,1772875943000,1772876183000,COOLING_FAULT,3,0.264,187.8,64.32,true,FAIR,57,TT-5.5,COL-B
TT-9455,ThermoTrack,PLANT_01,1773187800000,MCH-006,C,1772790322000,1772790382000,COOLING_FAULT,5,0.377,181.8,13.5,true,POOR,38,TT-5.4,COL-B
TT-9456,ThermoTrack,PLANT_01,1773187800000,MCH-002,A,1772665825000,1772666065000,COOLING_FAULT,4,0.386,179.8,45.9,true,FAIR,65,TT-4.9,COL-A
TT-9457,ThermoTrack,PLANT_01,1773187800000,MCH-002,A,1772937100000,1772937400000,COOLING_FAULT,2,0.09,172.0,55.29,true,GOOD,86,TT-5.5,COL-C
TT-9458,ThermoTrack,PLANT_01,1773187800000,MCH-008,B,1772872481000,1772872901000,COOLING_FAULT,5,0.353,216.8,67.94,true,POOR,44,TT-5.5,COL-B
TT-9459,ThermoTrack,PLANT_01,1773187800000,MCH-008,B,1773023913000,1773023973000,COOLING_FAULT,3,0.322,184.5,67.46,true,FAIR,66,TT-5.5,COL-B
TT-9460,ThermoTrack,PLANT_01,1773187800000,MCH-008,B,1772389057000,1772389237000,COOLING_FAULT,4,0.186,199.1,74.95,true,GOOD,94,TT-5.4,COL-B
TT-9461,ThermoTrack,PLANT_01,1773187800000,MCH-004,B,1773011730000,1773012210000,COOLING_FAULT,4,0.393,183.8,60.05,true,GOOD,88,TT-5.4,COL-A
TT-9462,ThermoTrack,PLANT_01,1773187800000,MCH-004,B,1772658373000,1772658493000,COOLING_FAULT,3,0.409,178.3,54.17,true,POOR,40,TT-5.4,COL-C
TT-9463,ThermoTrack,PLANT_01,1773187800000,MCH-006,C,1772617947000,1772618427000,COOLING_FAULT,3,0.316,191.7,27.87,true,POOR,49,TT-5.4,COL-C
TT-9464,ThermoTrack,PLANT_01,1773187800000,MCH-004,B,1773153490000,1773153850000,COOLING_FAULT,4,0.336,170.5,76.01,true,FAIR,75,TT-5.5,COL-A
TT-9465,ThermoTrack,PLANT_01,1773187800000,MCH-002,A,1772915523000,1772916243000,COOLING_FAULT,2,0.158,157.0,52.03,true,FAIR,61,TT-5.5,COL-C
TT-9466,ThermoTrack,PLANT_01,1773187800000,MCH-008,B,1773157612000,1773158092000,COOLING_FAULT,5,0.117,145.4,79.08,true,POOR,59,TT-5.5,COL-B
TT-9467,ThermoTrack,PLANT_01,1773187800000,MCH-004,B,1772719009000,1772719249000,COOLING_FAULT,4,0.393,185.7,62.12,true,POOR,21,TT-4.9,COL-C
TT-9468,ThermoTrack,PLANT_01,1773187800000,MCH-006,C,1772481959000,1772482139000,COOLING_FAULT,4,0.631,172.1,19.95,true,FAIR,73,TT-5.5,COL-A
TT-9469,ThermoTrack,PLANT_01,1773187800000,MCH-001,A,1773014640000,1773015000000,COOLING_FAULT,4,0.43,217.4,42.43,true,GOOD,85,TT-5.4,COL-C
TT-9470,ThermoTrack,PLANT_01,1773187800000,MCH-008,B,1772366284000,1772366524000,COOLING_FAULT,4,0.233,151.9,69.47,true,FAIR,65,TT-5.5,COL-C
TT-9471,ThermoTrack,PLANT_01,1773187800000,MCH-004,B,1772523014000,1772523134000,COOLING_FAULT,4,0.315,184.9,69.0,true,FAIR,70,TT-5.4,COL-B
TT-9472,ThermoTrack,PLANT_01,1773187800000,MCH-006,C,1773022052000,1773022232000,COOLING_FAULT,3,0.418,162.9,25.23,true,FAIR,68,TT-5.4,COL-C
TT-9473,ThermoTrack,PLANT_01,1773187800000,MCH-002,A,1772709394000,1772709514000,COOLING_FAULT,4,0.522,186.7,65.62,true,FAIR,55,TT-5.5,COL-C
TT-9474,ThermoTrack,PLANT_01,1773187800000,MCH-002,A,1772622222000,1772622342000,COOLING_FAULT,5,0.284,192.4,52.33,true,GOOD,88,TT-4.9,COL-C
TT-9475,ThermoTrack,PLANT_01,1773187800000,MCH-008,B,1772553680000,1772553740000,COOLING_FAULT,4,0.314,212.2,58.31,true,GOOD,83,TT-4.9,COL-A
TT-9476,ThermoTrack,PLANT_01,1773187800000,MCH-008,B,1772908297000,1772962297000,COOLING_FAULT,3,0.419,197.8,71.45,true,GOOD,89,TT-5.4,COL-B
TT-9477,ThermoTrack,PLANT_01,1773187800000,MCH-008,B,1772913168000,1772913648000,COOLING_FAULT,3,0.307,185.9,69.41,true,POOR,46,TT-5.5,COL-A
TT-9478,ThermoTrack,PLANT_01,1773187800000,MCH-008,B,1772954941000,1772955241000,COOLING_FAULT,5,0.312,182.8,81.44,true,GOOD,90,TT-5.4,COL-B
TT-9479,ThermoTrack,PLANT_01,1773187800000,MCH-004,B,1772539744000,1772539804000,COOLING_FAULT,3,0.283,206.2,62.47,true,POOR,32,TT-4.9,COL-B
TT-9480,ThermoTrack,PLANT_01,1773187800000,MCH-008,B,1772608448000,1772608808000,COOLING_FAULT,3,-0.032,171.1,70.93,true,GOOD,85,TT-5.5,COL-B
TT-9481,ThermoTrack,PLANT_01,1773187800000,MCH-008,B,1772419832000,1772420252000,COOLING_FAULT,4,0.234,154.0,72.88,true,FAIR,72,TT-4.9,COL-C
TT-9482,ThermoTrack,PLANT_01,1773187800000,MCH-006,C,1772409526000,1772409946000,COOLING_FAULT,5,0.135,208.8,23.04,true,GOOD,98,TT-4.9,COL-C
TT-9483,ThermoTrack,PLANT_01,1773187800000,MCH-002,A,1772955865000,1772955925000,COOLING_FAULT,2,0.197,213.3,44.42,true,GOOD,89,TT-4.9,COL-C
TT-9484,ThermoTrack,PLANT_01,1773187800000,MCH-002,A,1772641161000,1772641521000,COOLING_FAULT,5,,192.9,33.65,true,GOOD,82,TT-5.4,COL-C
TT-9485,ThermoTrack,PLANT_01,1773187800000,MCH-001,A,1772609167000,1772609347000,COOLING_FAULT,4,0.431,223.8,51.77,true,GOOD,86,TT-5.5,COL-B
TT-9486,ThermoTrack,PLANT_01,1773187800000,MCH-004,B,1772848534000,1772848594000,COOLING_FAULT,4,0.352,194.3,69.46,true,FAIR,63,TT-4.9,COL-C
TT-9487,ThermoTrack,PLANT_01,1773187800000,MCH-008,B,1772837188000,1772837248000,COOLING_FAULT,5,0.279,200.7,64.0,true,POOR,27,TT-5.4,COL-C
TT-9488,ThermoTrack,PLANT_01,1773187800000,MCH-004,B,1772657320000,1772659120000,COOLING_FAULT,3,0.431,198.4,61.97,true,GOOD,87,TT-5.4,COL-B
TT-9489,ThermoTrack,PLANT_01,1773187800000,MCH-008,B,1773130087000,1773130147000,COOLING_FAULT,5,0.272,,68.43,true,FAIR,80,TT-5.5,COL-C
TT-9490,ThermoTrack,PLANT_01,1773187800000,MCH-008,B,1772459716000,1772460076000,COOLING_FAULT,5,0.344,171.4,72.14,true,POOR,61,TT-5.5,COL-B
TT-9491,ThermoTrack,PLANT_01,1773187800000,MCH-006,C,1772975318000,1772975558000,COOLING_FAULT,3,0.589,181.9,21.87,true,GOOD,91,TT-5.4,COL-B
TT-9492,ThermoTrack,PLANT_01,1773187800000,MCH-006,C,1772387657000,1772388377000,COOLING_FAULT,4,0.157,158.3,38.19,true,GOOD,91,TT-4.9,COL-B
TT-9493,ThermoTrack,PLANT_01,1773187800000,MCH-008,B,1772744920000,1772745280000,COOLING_FAULT,3,0.273,210.8,60.53,true,FAIR,82,TT-5.5,COL-B
TT-9494,ThermoTrack,PLANT_01,1773187800000,MCH-008,B,1772327699000,1772327999000,COOLING_FAULT,5,0.381,181.3,78.85,true,GOOD,95,TT-4.9,COL-A
TT-9495,ThermoTrack,PLANT_01,1773187800000,MCH-006,C,1773073426000,1773073486000,COOLING_FAULT,3,0.509,161.7,30.23,true,POOR,58,TT-5.4,COL-C
TT-9496,ThermoTrack,PLANT_01,1773187800000,MCH-002,A,1772782708000,1772782768000,COOLING_FAULT,3,0.42,179.3,62.77,true,GOOD,82,TT-5.4,COL-B
TT-9497,ThermoTrack,PLANT_01,1773187800000,MCH-008,B,1772668387000,1772668567000,COOLING_FAULT,4,0.55,199.3,71.89,true,POOR,33,TT-5.5,COL-A
TT-9498,ThermoTrack,PLANT_01,1773187800000,MCH-004,B,1772460118000,1772460478000,COOLING_FAULT,4,0.131,172.3,56.88,true,FAIR,58,TT-5.4,COL-C
TT-9499,ThermoTrack,PLANT_01,1773187800000,MCH-006,C,1772351897000,1772352317000,COOLING_FAULT,3,0.132,180.6,30.6,true,GOOD,93,TT-4.9,COL-B
TT-9500,ThermoTrack,PLANT_01,1773187800000,MCH-006,C,1772842752000,1772842872000,COOLING_FAULT,4,0.276,136.1,23.4,true,GOOD,92,TT-5.5,COL-C
TT-9501,ThermoTrack,PLANT_01,1773187800000,MCH-004,B,1772622442000,1772622622000,COOLING_FAULT,4,0.588,179.5,70.82,true,POOR,49,TT-5.4,COL-A
TT-9502,ThermoTrack,PLANT_01,1773187800000,MCH-006,C,1772701926000,1772702346000,COOLING_FAULT,3,0.401,168.0,31.28,true,GOOD,85,TT-5.4,COL-C
TT-9503,ThermoTrack,PLANT_01,1773187800000,MCH-002,A,1772439692000,1772439812000,COOLING_FAULT,5,0.198,180.1,52.47,true,POOR,21,TT-5.4,COL-C
TT-9504,ThermoTrack,PLANT_01,1773187800000,MCH-008,B,1772395707000,1772395947000,COOLING_FAULT,5,0.258,190.2,65.34,true,POOR,34,TT-4.9,COL-A
TT-9505,ThermoTrack,PLANT_01,1773187800000,MCH-001,A,1773070873000,1773124873000,COOLING_FAULT,4,0.463,196.7,28.13,true,POOR,38,TT-4.9,COL-A
TT-9506,ThermoTrack,PLANT_01,1773187800000,MCH-002,A,1772686238000,1772686418000,COOLING_FAULT,3,0.207,200.0,53.48,true,FAIR,69,TT-5.5,COL-A
TT-9507,ThermoTrack,PLANT_01,1773187800000,MCH-008,B,1772386027000,1772386267000,COOLING_FAULT,5,0.248,178.2,79.16,true,POOR,59,TT-5.5,COL-A
TT-9508,ThermoTrack,PLANT_01,1773187800000,MCH-004,B,1772406356000,1772406776000,COOLING_FAULT,3,0.207,157.4,56.25,true,GOOD,85,TT-4.9,COL-A
TT-9509,ThermoTrack,PLANT_01,1773187800000,MCH-006,C,1773092181000,1773092241000,COOLING_FAULT,2,0.163,165.3,25.39,true,FAIR,62,TT-5.4,COL-A
TT-9510,ThermoTrack,PLANT_01,1773187800000,MCH-002,A,1772863815000,1772864295000,COOLING_FAULT,3,0.257,153.4,48.85,true,GOOD,96,TT-5.5,COL-C
TT-9511,ThermoTrack,PLANT_01,1773187800000,MCH-004,LINE-B,1773149446000,1773149626000,COOLING_FAULT,3,0.376,181.7,64.31,true,GOOD,98,TT-5.5,COL-C
TT-9512,ThermoTrack,PLANT_01,1773187800000,MCH-008,B,1772532647000,1772532707000,COOLING_FAULT,4,0.14,161.7,73.94,true,GOOD,88,TT-4.9,COL-C
TT-9513,ThermoTrack,PLANT_01,1773187800000,MCH-006,C,1772665279000,1772665339000,COOLING_FAULT,5,0.392,215.8,32.62,true,FAIR,69,TT-5.4,COL-A
TT-9514,ThermoTrack,PLANT_01,1773187800000,MCH-004,B,1772631426000,1772631606000,COOLING_FAULT,3,0.304,,65.87,true,FAIR,60,TT-4.9,COL-C
TT-9515,ThermoTrack,PLANT_01,1773187800000,MCH-002,A,1773042004000,1773042124000,COOLING_FAULT,4,,149.8,53.33,true,POOR,44,TT-4.9,COL-A
TT-9516,ThermoTrack,PLANT_01,1773187800000,MCH-006,C,1772824837000,1772824957000,COOLING_FAULT,5,0.252,209.5,25.86,true,FAIR,55,TT-5.4,COL-B
TT-9517,ThermoTrack,PLANT_01,1773187800000,MCH-002,A,1772874323000,1772874443000,COOLING_FAULT,2,0.304,166.0,40.96,true,POOR,36,TT-4.9,COL-B
TT-9518,ThermoTrack,PLANT_01,1773187800000,MCH-006,C,1772680406000,1772680646000,COOLING_FAULT,5,0.136,194.3,24.12,true,FAIR,77,TT-4.9,COL-B
TT-9519,ThermoTrack,PLANT_01,1773187800000,MCH-004,B,1773155307000,1773155787000,COOLING_FAULT,3,0.399,174.3,57.41,true,FAIR,66,TT-5.5,COL-A
TT-9269,ThermoTrack,PLANT_01,1773187800000,MCH-002,A,1773094282000,1773095161783,POWER_FLUCTUATION,5,0.243,167.8,60.6,true,POOR,52,TT-5.5,COL-A
TT-8900,ThermoTrack,PLANT_01,1773187800000,MCH-012,B,1772845163000,1772845587453,OK,1,0.254,125.3,50.07,true,GOOD,98,TT-5.4,COL-B
TT-9000,ThermoTrack,PLANT_01,1773187800000,MCH-004,B,1772692388000,1772693086247,VIBRATION_WARN,3,0.612,177.9,52.22,true,FAIR,80,TT-4.9,COL-C
TT-9357,ThermoTrack,PLANT_01,1773187800000,MCH-011,D,1772748060000,1772748744871,SENSOR_OFFLINE,2,0.28,,,false,POOR,21,TT-5.5,COL-A
TT-9337,ThermoTrack,PLANT_01,1773187800000,MCH-004,B,1772655641000,1772656275741,SENSOR_OFFLINE,2,,,,true,POOR,37,TT-5.5,COL-A
TT-9289,ThermoTrack,PLANT_01,1773187800000,MCH-011,D,1773146012000,1773146541021,SENSOR_OFFLINE,4,,164.0,,true,POOR,25,TT-5.5,COL-C
TT-9093,ThermoTrack,PLANT_01,1773187800000,MCH-001,A,1772930406000,1772930706889,HEAT_CRITICAL,5,0.324,222.3,37.44,true,GOOD,92,TT-4.9,COL-B
TT-8847,ThermoTrack,PLANT_01,1773187800000,MCH-002,A,1772883911000,1772884522276,OK,1,-0.01,158.4,42.81,true,FAIR,59,TT-5.4,COL-B
TT-8969,ThermoTrack,PLANT_01,1773187800000,MCH-005,A,1772697229000,1772697824815,VIBRATION_WARN,3,0.606,163.5,22.78,true,POOR,28,TT-5.5,COL-C
TT-8943,ThermoTrack,PLANT_01,1773187800000,MCH-001,A,1772771104000,1772771419097,VIBRATION_WARN,4,0.853,160.4,48.8,true,FAIR,70,TT-5.5,COL-B
TT-9022,ThermoTrack,PLANT_01,1773187800000,MCH-008,B,1772737724000,1772738563281,VIBRATION_WARN,4,0.598,173.9,63.98,true,FAIR,59,TT-5.5,COL-A
TT-9503,ThermoTrack,PLANT_01,1773187800000,MCH-002,A,1772439692000,1772440308308,COOLING_FAULT,5,0.198,180.1,52.47,true,POOR,21,TT-5.4,COL-C
TT-9471,ThermoTrack,PLANT_01,1773187800000,MCH-004,B,1772523014000,1772523295462,COOLING_FAULT,4,0.315,184.9,69.0,true,FAIR,70,TT-5.4,COL-B
TT-9095,ThermoTrack,PLANT_01,1773187800000,MCH-008,B,1772721961000,1772722693675,HEAT_CRITICAL,5,0.358,212.6,82.09,true,FAIR,73,TT-4.9,COL-B
TT-9483,ThermoTrack,PLANT_01,1773187800000,MCH-002,A,1772955865000,1772956167573,COOLING_FAULT,2,0.197,213.3,44.42,true,GOOD,89,TT-4.9,COL-C
TT-9189,ThermoTrack,PLANT_01,1773187800000,MCH-002,A,1772971988000,1772972575233,POWER_FLUCTUATION,5,0.435,158.0,11.49,true,GOOD,91,TT-5.5,COL-B
TT-8870,ThermoTrack,PLANT_01,1773187800000,MCH-002,A,1772728584000,1772729216789,OK,2,0.128,144.2,45.84,true,GOOD,86,TT-5.5,COL-A
TT-9109,ThermoTrack,PLANT_01,1773187800000,MCH-006,C,1772642008000,1772696262583,HEAT_CRITICAL,5,0.327,221.0,35.49,true,POOR,29,TT-4.9,COL-C
TT-9104,ThermoTrack,PLANT_01,1773187800000,MCH-006,C,1772887124000,1772887553876,HEAT_CRITICAL,3,0.277,160.6,24.44,true,FAIR,67,TT-4.9,COL-A
TT-9200,ThermoTrack,PLANT_01,1773187800000,MCH-004,B,1772334969000,1772337365198,POWER_FLUCTUATION,5,0.254,145.2,36.62,true,FAIR,67,TT-5.4,COL-C
TT-CONFLICT-1,ThermoTrack,PLANT_01,1773187800000,MCH-003,B,1772703000000,1772703180000,HEAT_CRITICAL,5,0.18,221.4,19.1,true,GOOD,93,TT-5.5,COL-B
TT-UNKNOWN-1,ThermoTrack,PLANT_01,1773187800000,UNKNOWN-77,A,1772762400000,1772762700000,VIBRATION_WARN,4,0.82,172.0,32.1,true,FAIR,71,TT-5.4,COL-X
