event_id,vendor,plant_id,generated_at,machine_id,line,event_time,ingestion_time,event_type,severity,vibration_mm_s,temperature_c,machine_status,sensor_health,confidence,operating_hours_today,firmware_version,gateway_id
MP-1000,MechaPulse,PLANT_01,2026-03-11T00:05:00Z,MCH-007,LINE-C,2026-03-01T06:49:47Z,2026-03-01T07:19:47Z,NORMAL_READING,low,3.42,65.29,running,0.8,0.65,8.29,MP-FW-2.9,GW-C1
MP-1001,MechaPulse,PLANT_01,2026-03-11T00:05:00Z,MCH-003,LINE-B,2026-03-07T16:54:17Z,2026-03-07T17:00:17Z,NORMAL_READING,low,3.44,58.47,running,0.86,0.89,0.69,MP-FW-3.2,GW-A1
MP-1002,MechaPulse,PLANT_01,2026-03-11T00:05:00Z,MCH-012,LINE-B,2026-03-05T07:21:05Z,2026-03-05T07:26:05Z,NORMAL_READING,low,4.13,54.69,running,0.77,0.77,5.32,MP-FW-3.2,GW-A2
MP-1003,MechaPulse,PLANT_01,2026-03-11T00:05:00Z,MCH-005,LINE-A,2026-03-03T09:12:42Z,2026-03-03T09:15:42Z,NORMAL_READING,low,2.9,53.31,running,0.84,0.8,3.86,MP-FW-3.1,GW-A2
MP-1004,MechaPulse,PLANT_01,2026-03-11T00:05:00Z,MCH-009,LINE-A,2026-03-10T03:49:20Z,2026-03-10T03:56:20Z,NORMAL_READING,low,3.32,66.1,idle,0.93,0.78,6.29,MP-FW-2.9,GW-C1
MP-1005,MechaPulse,PLANT_01,2026-03-11T00:05:00Z,MCH-010,LINE-C,2026-03-05T13:03:23Z,2026-03-06T01:03:23Z,NORMAL_READING,low,4.0,61.94,running,0.9,0.86,5.49,MP-FW-3.2,GW-A1
MP-1006,MechaPulse,PLANT_01,2026-03-11T00:05:00Z,MCH-008,LINE-B,2026-03-02T07:16:43Z,2026-03-02T07:21:43Z,NORMAL_READING,low,3.52,56.57,running,0.8,0.88,9.71,MP-FW-2.9,GW-A2
MP-1007,MechaPulse,PLANT_01,2026-03-11T00:05:00Z,MCH-002,LINE-A,2026-03-09T16:12:10Z,2026-03-09T16:17:10Z,NORMAL_READING,low,2.36,57.95,running,1.0,0.75,9.42,MP-FW-2.9,GW-A2
MP-1008,MechaPulse,PLANT_01,2026-03-11T00:05:00Z,MCH-002,LINE-A,2026-03-06T09:47:35Z,2026-03-06T09:51:35Z,NORMAL_READING,low,3.19,74.12,running,1.0,0.79,5.3,MP-FW-3.1,GW-A2
MP-1009,MechaPulse,PLANT_01,2026-03-11T00:05:00Z,MCH-001,LINE-A,2026-03-01T05:44:37Z,2026-03-01T05:50:37Z,NORMAL_READING,low,3.29,61.62,idle,0.84,0.79,10.77,MP-FW-2.9,GW-C1
MP-1010,MechaPulse,PLANT_01,2026-03-11T00:05:00Z,MCH-003,LINE-B,2026-03-06T09:09:51Z,2026-03-06T09:10:51Z,NORMAL_READING,low,3.58,64.52,running,0.83,0.92,9.94,MP-FW-3.1,GW-A2
MP-1011,MechaPulse,PLANT_01,2026-03-11T00:05:00Z,MCH-003,LINE-B,2026-03-06T02:30:08Z,2026-03-06T02:31:08Z,NORMAL_READING,low,3.9,,running,0.73,0.91,2.87,MP-FW-3.2,GW-C1
MP-1012,MechaPulse,PLANT_01,2026-03-11T00:05:00Z,MCH-006,LINE-C,2026-03-10T20:06:25Z,2026-03-10T20:14:25Z,NORMAL_READING,low,1.08,74.01,running,1.0,0.76,8.65,MP-FW-3.1,GW-A1
MP-1013,MechaPulse,PLANT_01,2026-03-11T00:05:00Z,MCH-007,LINE-C,2026-03-06T17:18:58Z,2026-03-06T17:25:58Z,NORMAL_READING,low,4.63,64.5,running,0.91,0.86,4.94,MP-FW-2.9,GW-B1
MP-1014,MechaPulse,PLANT_01,2026-03-11T00:05:00Z,MCH-011,LINE-D,2026-02-27T08:00:00Z,2026-03-03T07:48:42Z,NORMAL_READING,low,3.48,68.01,idle,0.65,0.75,3.2,MP-FW-3.2,GW-A1
MP-1015,MechaPulse,PLANT_01,2026-03-11T00:05:00Z,MCH-010,LINE-C,2026-03-05T04:54:18Z,2026-03-05T04:55:18Z,NORMAL_READING,low,2.13,64.84,running,0.7,0.65,3.19,MP-FW-3.1,GW-A2
MP-1016,MechaPulse,PLANT_01,2026-03-11T00:05:00Z,MCH-003,LINE-B,2026-03-07T21:09:13Z,2026-03-07T21:10:13Z,NORMAL_READING,low,3.85,70.15,running,,0.84,7.4,MP-FW-3.2,GW-A2
MP-1017,MechaPulse,PLANT_01,2026-03-11T00:05:00Z,MCH-009,LINE-A,2026-03-07T06:38:45Z,2026-03-07T06:41:45Z,NORMAL_READING,low,2.9,60.91,idle,0.96,0.77,0.65,MP-FW-3.2,GW-A2
MP-1018,MechaPulse,PLANT_01,2026-03-11T00:05:00Z,MCH-008,LINE-B,2026-03-08T14:07:06Z,2026-03-08T14:11:06Z,NORMAL_READING,low,3.83,49.77,running,1.0,,8.52,MP-FW-3.2,GW-C1
MP-1019,MechaPulse,PLANT_01,2026-03-11T00:05:00Z,MCH-009,LINE-A,2026-03-10T19:56:47Z,2026-03-10T20:00:47Z,NORMAL_READING,low,3.2,72.5,running,0.86,0.86,0.47,MP-FW-3.1,GW-C1
MP-1020,MechaPulse,PLANT_01,2026-03-11T00:05:00Z,MCH-004,LINE-B,2026-03-10T20:01:04Z,2026-03-10T20:03:04Z,NORMAL_READING,low,2.62,67.76,idle,0.98,0.83,6.94,MP-FW-3.2,GW-B1
MP-1021,MechaPulse,PLANT_01,2026-03-11T00:05:00Z,MCH-005,LINE-A,2026-03-06T19:39:07Z,2026-03-06T19:43:07Z,NORMAL_READING,low,3.98,59.7,running,0.88,0.83,9.78,MP-FW-2.9,GW-B1
MP-1022,MechaPulse,PLANT_01,2026-03-11T00:05:00Z,MCH-006,LINE-C,2026-03-08T14:06:26Z,2026-03-08T14:11:26Z,NORMAL_READING,low,2.72,60.69,idle,0.99,0.78,7.06,MP-FW-3.2,GW-C1
MP-1023,MechaPulse,PLANT_01,2026-03-11T00:05:00Z,MCH-005,LINE-A,2026-03-08T16:29:13Z,2026-03-08T16:35:13Z,NORMAL_READING,low,4.16,47.36,idle,0.9,0.88,1.87,MP-FW-3.1,GW-A2
MP-1024,MechaPulse,PLANT_01,2026-03-11T00:05:00Z,MCH-012,LINE-B,2026-03-07T22:55:54Z,2026-03-07T22:59:54Z,NORMAL_READING,low,1.2,65.46,idle,0.92,0.99,9.0,MP-FW-3.1,GW-A2
MP-1025,MechaPulse,PLANT_01,2026-03-11T00:05:00Z,MCH-009,LINE-A,2026-03-08T22:01:33Z,2026-03-08T22:07:33Z,NORMAL_READING,low,4.19,63.41,running,0.74,0.89,9.59,MP-FW-2.9,GW-C1
MP-1026,MechaPulse,PLANT_01,2026-03-11T00:05:00Z,MCH-010,LINE-C,2026-03-09T11:04:55Z,2026-03-09T11:08:55Z,NORMAL_READING,low,1.65,65.09,idle,0.86,1.0,6.3,MP-FW-3.1,GW-A2
MP-1027,MechaPulse,PLANT_01,2026-03-11T00:05:00Z,MCH-003,LINE-B,2026-03-08T21:29:09Z,2026-03-08T21:36:09Z,NORMAL_READING,low,4.44,64.41,idle,0.85,0.85,4.5,MP-FW-3.1,GW-B1
MP-1028,MechaPulse,PLANT_01,2026-03-11T00:05:00Z,MCH-004,LINE-B,2026-03-05T10:29:54Z,2026-03-05T10:37:54Z,NORMAL_READING,low,1.66,59.68,idle,0.95,0.77,5.48,MP-FW-3.1,GW-A1
MP-1029,MechaPulse,PLANT_01,2026-03-11T00:05:00Z,MCH-010,LINE-C,2026-03-07T17:37:36Z,2026-03-07T17:45:36Z,NORMAL_READING,low,4.41,65.2,running,0.91,0.91,3.05,MP-FW-3.1,GW-C1
MP-1030,MechaPulse,PLANT_01,2026-03-11T00:05:00Z,MCH-001,LINE-A,2026-03-07T03:17:03Z,2026-03-07T03:18:03Z,NORMAL_READING,low,3.47,64.23,idle,0.9,0.85,5.45,MP-FW-3.2,GW-B1
MP-1031,MechaPulse,PLANT_01,2026-03-11T00:05:00Z,MCH-002,LINE-A,2026-03-07T21:49:47Z,2026-03-07T21:56:47Z,NORMAL_READING,low,3.91,61.37,running,0.97,0.78,1.35,MP-FW-3.2,GW-A1
MP-1032,MechaPulse,PLANT_01,2026-03-11T00:05:00Z,MCH-009,LINE-A,2026-03-07T10:32:50Z,2026-03-07T11:02:50Z,NORMAL_READING,low,2.73,67.2,running,0.98,0.9,8.19,MP-FW-3.2,GW-A2
MP-1033,MechaPulse,PLANT_01,2026-03-11T00:05:00Z,MCH-008,LINE-B,2026-03-08T09:37:17Z,2026-03-08T09:39:17Z,NORMAL_READING,low,1.39,64.46,idle,0.86,1.0,4.0,MP-FW-3.2,GW-B1
MP-1034,MechaPulse,PLANT_01,2026-03-11T00:05:00Z,MCH-002,LINE-A,2026-03-03T09:55:22Z,2026-03-03T09:59:22Z,NORMAL_READING,low,2.18,72.42,idle,0.95,0.75,7.5,MP-FW-3.2,GW-C1
MP-1035,MechaPulse,PLANT_01,2026-03-11T00:05:00Z,MCH-009,LINE-A,2026-03-02T01:24:18Z,2026-03-02T01:31:18Z,NORMAL_READING,low,2.72,64.53,idle,0.8,0.78,2.81,MP-FW-2.9,GW-A2
MP-1036,MechaPulse,PLANT_01,2026-03-11T00:05:00Z,MCH-004,LINE-B,2026-03-09T10:51:34Z,2026-03-09T10:56:34Z,NORMAL_READING,low,4.05,71.17,running,0.85,0.57,8.2,MP-FW-3.1,GW-B1
MP-1037,MechaPulse,PLANT_01,2026-03-11T00:05:00Z,MCH-001,LINE-A,2026-03-01T14:53:35Z,2026-03-01T15:01:35Z,NORMAL_READING,low,3.21,59.05,running,0.89,0.85,9.49,MP-FW-3.2,GW-C1
MP-1038,MechaPulse,PLANT_01,2026-03-11T00:05:00Z,MCH-001,LINE-A,2026-03-08T03:52:43Z,2026-03-08T03:59:43Z,NORMAL_READING,low,4.56,70.93,running,0.93,0.88,5.2,MP-FW-2.9,GW-C1
MP-1039,MechaPulse,PLANT_01,2026-03-11T00:05:00Z,MCH-004,LINE-B,2026-03-08T01:34:03Z,2026-03-08T01:36:03Z,NORMAL_READING,low,4.11,60.68,running,0.88,0.88,3.46,MP-FW-3.2,GW-C1
MP-1040,MechaPulse,PLANT_01,2026-03-11T00:05:00Z,MCH-001,LINE-A,2026-03-03T15:44:59Z,2026-03-03T15:49:59Z,NORMAL_READING,low,3.76,53.83,idle,0.9,0.78,3.68,MP-FW-2.9,GW-B1
MP-1041,MechaPulse,PLANT_01,2026-03-11T00:05:00Z,MCH-005,LINE-A,2026-03-06T07:59:44Z,2026-03-06T08:06:44Z,NORMAL_READING,low,2.58,48.36,idle,0.8,0.81,9.92,MP-FW-2.9,GW-A1
MP-1042,MechaPulse,PLANT_01,2026-03-11T00:05:00Z,MCH-012,LINE-B,2026-03-08T15:34:52Z,2026-03-08T15:37:52Z,NORMAL_READING,low,1.74,57.31,running,0.77,0.87,4.81,MP-FW-3.2,GW-A1
MP-1043,MechaPulse,PLANT_01,2026-03-11T00:05:00Z,MCH-010,LINE-C,2026-03-04T18:03:26Z,2026-03-04T18:05:26Z,NORMAL_READING,low,2.77,76.04,idle,0.91,0.85,6.33,MP-FW-3.2,GW-A1
MP-1044,MechaPulse,PLANT_01,2026-03-11T00:05:00Z,MCH-003,LINE-B,2026-03-05T02:47:39Z,2026-03-05T02:55:39Z,NORMAL_READING,low,2.09,54.81,running,0.88,0.89,6.42,MP-FW-2.9,GW-C1
MP-1045,MechaPulse,PLANT_01,2026-03-11T00:05:00Z,MCH-002,LINE-A,2026-03-10T13:45:58Z,2026-03-10T13:53:58Z,NORMAL_READING,low,3.02,59.22,idle,0.85,0.99,5.94,MP-FW-3.1,GW-A1
MP-1046,MechaPulse,PLANT_01,2026-03-11T00:05:00Z,MCH-004,LINE-B,2026-03-09T23:43:54Z,2026-03-09T23:51:54Z,NORMAL_READING,low,2.36,70.92,running,0.91,0.77,4.46,MP-FW-3.2,GW-A2
MP-1047,MechaPulse,PLANT_01,2026-03-11T00:05:00Z,MCH-012,LINE-B,2026-03-03T17:12:36Z,2026-03-03T17:19:36Z,NORMAL_READING,low,3.6,72.32,running,0.84,0.94,0.62,MP-FW-2.9,GW-B1
MP-1048,MechaPulse,PLANT_01,2026-03-11T00:05:00Z,MCH-010,LINE-C,2026-03-10T22:42:54Z,2026-03-10T22:45:54Z,NORMAL_READING,low,5.36,69.73,running,0.87,0.74,1.11,MP-FW-3.2,GW-C1
MP-1049,MechaPulse,PLANT_01,2026-03-11T00:05:00Z,MCH-012,LINE-B,2026-03-08T03:09:45Z,2026-03-08T03:13:45Z,NORMAL_READING,low,3.61,60.83,running,0.89,0.99,5.21,MP-FW-2.9,GW-B1
MP-1050,MechaPulse,PLANT_01,2026-03-11T00:05:00Z,MCH-010,LINE-C,2026-03-01T12:33:20Z,2026-03-01T12:36:20Z,NORMAL_READING,low,3.11,67.6,running,0.88,0.94,10.51,MP-FW-3.1,GW-A2
MP-1051,MechaPulse,PLANT_01,2026-03-11T00:05:00Z,MCH-006,LINE-C,2026-03-03T21:21:29Z,2026-03-03T22:21:29Z,NORMAL_READING,low,2.22,50.87,running,0.98,0.75,5.36,MP-FW-3.2,GW-A2
MP-1052,MechaPulse,PLANT_01,2026-03-11T00:05:00Z,MCH-012,LINE-B,2026-03-10T17:01:30Z,2026-03-11T05:01:30Z,NORMAL_READING,low,,69.79,idle,0.84,0.99,10.49,MP-FW-2.9,GW-C1
MP-1053,MechaPulse,PLANT_01,2026-03-11T00:05:00Z,MCH-010,LINE-C,2026-03-04T06:09:49Z,2026-03-04T06:12:49Z,NORMAL_READING,low,2.6,58.52,idle,0.9,0.91,6.75,MP-FW-2.9,GW-A2
MP-1054,MechaPulse,PLANT_01,2026-03-11T00:05:00Z,MCH-001,LINE-A,2026-03-04T08:35:20Z,2026-03-04T08:40:20Z,NORMAL_READING,low,3.66,64.85,idle,0.93,0.77,8.64,MP-FW-3.2,GW-A1
MP-1055,MechaPulse,PLANT_01,2026-03-11T00:05:00Z,MCH-006,LINE-C,2026-03-01T20:33:09Z,2026-03-01T20:40:09Z,NORMAL_READING,low,4.53,54.59,running,1.0,0.8,6.81,MP-FW-2.9,GW-B1
MP-1056,MechaPulse,PLANT_01,2026-03-11T00:05:00Z,MCH-002,LINE-A,2026-03-03T15:50:30Z,2026-03-03T16:50:30Z,NORMAL_READING,low,1.47,52.19,running,0.93,0.8,3.64,MP-FW-3.2,GW-A1
MP-1057,MechaPulse,PLANT_01,2026-03-11T00:05:00Z,MCH-002,LINE-A,2026-03-07T02:47:08Z,2026-03-07T03:17:08Z,NORMAL_READING,low,2.53,53.32,idle,0.76,0.92,8.0,MP-FW-3.1,GW-C1
MP-1058,MechaPulse,PLANT_01,2026-03-11T00:05:00Z,MCH-005,LINE-A,2026-03-03T16:28:54Z,2026-03-03T16:38:54Z,NORMAL_READING,low,4.76,67.34,idle,0.97,0.76,7.45,MP-FW-2.9,GW-A1
MP-1059,MechaPulse,PLANT_01,2026-03-11T00:05:00Z,MCH-001,LINE-A,2026-03-04T19:04:15Z,2026-03-04T19:10:15Z,NORMAL_READING,low,3.57,58.04,idle,0.89,0.91,11.36,MP-FW-2.9,GW-B1
MP-1060,MechaPulse,PLANT_01,2026-03-11T00:05:00Z,MCH-009,LINE-A,2026-03-02T06:01:42Z,2026-03-02T06:04:42Z,NORMAL_READING,low,4.1,66.16,running,0.87,0.83,6.0,MP-FW-3.1,GW-C1
MP-1061,MechaPulse,PLANT_01,2026-03-11T00:05:00Z,MCH-006,LINE-C,2026-03-07T23:57:02Z,2026-03-07T23:59:02Z,NORMAL_READING,low,0.66,66.03,running,1.0,0.84,0.94,MP-FW-3.2,GW-B1
MP-1062,MechaPulse,PLANT_01,2026-03-11T00:05:00Z,MCH-005,LINE-A,2026-03-07T19:07:33Z,2026-03-07T19:11:33Z,NORMAL_READING,low,1.96,64.35,running,0.89,0.79,8.44,MP-FW-3.2,GW-C1
MP-1063,MechaPulse,PLANT_01,2026-03-11T00:05:00Z,MCH-004,LINE-B,2026-03-03T21:36:23Z,2026-03-03T21:51:23Z,NORMAL_READING,low,2.92,55.73,running,0.9,0.8,1.58,MP-FW-3.2,GW-C1
MP-1064,MechaPulse,PLANT_01,2026-03-11T00:05:00Z,MCH-010,LINE-C,2026-03-09T04:53:03Z,2026-03-09T04:55:03Z,NORMAL_READING,low,2.57,58.71,idle,0.83,0.84,5.05,MP-FW-2.9,GW-A1
MP-1065,MechaPulse,PLANT_01,2026-03-11T00:05:00Z,MCH-007,LINE-C,2026-03-08T11:37:53Z,2026-03-08T11:40:53Z,NORMAL_READING,low,4.26,62.87,running,0.95,0.8,8.63,MP-FW-3.1,GW-C1
MP-1066,MechaPulse,PLANT_01,2026-03-11T00:05:00Z,MCH-005,LINE-A,2026-03-04T21:05:10Z,2026-03-05T01:05:10Z,NORMAL_READING,low,3.03,66.92,idle,0.74,0.72,4.88,MP-FW-3.1,GW-A1
MP-1067,MechaPulse,PLANT_01,2026-03-11T00:05:00Z,MCH-004,LINE-B,2026-03-02T06:16:18Z,2026-03-02T06:26:18Z,NORMAL_READING,low,2.47,61.13,running,0.79,0.92,5.82,MP-FW-3.2,GW-A2
MP-1068,MechaPulse,PLANT_01,2026-03-11T00:05:00Z,MCH-002,LINE-A,2026-03-07T01:25:45Z,2026-03-07T01:40:45Z,NORMAL_READING,low,5.37,67.22,running,0.8,0.88,0.44,MP-FW-3.2,GW-A2
MP-1069,MechaPulse,PLANT_01,2026-03-11T00:05:00Z,MCH-009,LINE-A,2026-03-08T00:47:29Z,2026-03-08T00:57:29Z,NORMAL_READING,low,5.21,68.09,running,0.81,0.88,6.2,MP-FW-3.1,GW-B1
MP-1070,MechaPulse,PLANT_01,2026-03-11T00:05:00Z,MCH-004,LINE-B,2026-03-10T07:37:41Z,2026-03-10T07:39:41Z,NORMAL_READING,low,3.45,65.36,running,0.9,0.89,5.27,MP-FW-2.9,GW-B1
MP-1071,MechaPulse,PLANT_01,2026-03-11T00:05:00Z,MCH-010,LINE-C,2026-03-08T03:16:20Z,2026-03-08T05:16:20Z,NORMAL_READING,low,2.25,64.49,idle,0.86,0.92,7.48,MP-FW-3.1,GW-C1
MP-1072,MechaPulse,PLANT_01,2026-03-11T00:05:00Z,MCH-006,LINE-C,2026-03-07T07:21:50Z,2026-03-07T07:22:50Z,NORMAL_READING,low,1.49,65.4,idle,0.92,0.97,7.5,MP-FW-3.1,GW-A2
MP-1073,MechaPulse,PLANT_01,2026-03-11T00:05:00Z,MCH-008,LINE-B,2026-03-05T23:59:33Z,2026-03-06T00:05:33Z,NORMAL_READING,low,1.79,72.13,running,0.82,0.89,7.62,MP-FW-2.9,GW-A2
MP-1074,MechaPulse,PLANT_01,2026-03-11T00:05:00Z,MCH-004,LINE-B,2026-03-07T15:07:42Z,2026-03-07T15:09:42Z,NORMAL_READING,low,4.22,59.42,idle,0.85,0.75,9.57,MP-FW-2.9,GW-A1
MP-1075,MechaPulse,PLANT_01,2026-03-11T00:05:00Z,MCH-008,LINE-B,2026-03-05T19:37:32Z,2026-03-05T19:40:32Z,NORMAL_READING,low,4.34,62.59,running,0.81,0.98,8.55,MP-FW-2.9,GW-A1
MP-1076,MechaPulse,PLANT_01,2026-03-11T00:05:00Z,MCH-008,LINE-B,2026-03-10T23:18:49Z,2026-03-10T23:21:49Z,NORMAL_READING,low,2.88,60.01,running,0.95,0.69,7.1,MP-FW-2.9,GW-C1
MP-1077,MechaPulse,PLANT_01,2026-03-11T00:05:00Z,MCH-003,LINE-B,2026-03-03T17:18:19Z,2026-03-03T17:23:19Z,NORMAL_READING,low,3.99,59.76,idle,1.0,0.75,7.03,MP-FW-3.2,GW-A1
MP-1078,MechaPulse,PLANT_01,2026-03-11T00:05:00Z,MCH-007,LINE-C,2026-03-10T22:41:23Z,2026-03-10T22:44:23Z,NORMAL_READING,low,3.08,54.98,running,0.85,1.0,10.71,MP-FW-3.2,GW-A1
MP-1079,MechaPulse,PLANT_01,2026-03-11T00:05:00Z,MCH-005,LINE-A,2026-03-05T06:06:15Z,2026-03-05T06:12:15Z,NORMAL_READING,low,4.47,61.8,running,0.86,0.88,1.77,MP-FW-2.9,GW-C1
MP-1080,MechaPulse,PLANT_01,2026-03-11T00:05:00Z,MCH-005,LINE-A,2026-03-01T01:26:57Z,2026-03-01T01:28:57Z,NORMAL_READING,low,4.16,62.5,running,0.76,0.79,7.24,MP-FW-3.1,GW-A1
MP-1081,MechaPulse,PLANT_01,2026-03-11T00:05:00Z,MCH-010,LINE-C,2026-03-06T16:29:38Z,2026-03-06T16:33:38Z,NORMAL_READING,low,2.43,56.21,idle,0.93,0.92,10.97,MP-FW-2.9,GW-A1
MP-1082,MechaPulse,PLANT_01,2026-03-11T00:05:00Z,MCH-005,LINE-A,2026-03-06T08:22:02Z,2026-03-06T08:24:02Z,NORMAL_READING,low,4.24,61.45,running,0.86,0.87,9.39,MP-FW-3.1,GW-C1
MP-1083,MechaPulse,PLANT_01,2026-03-11T00:05:00Z,MCH-012,LINE-B,2026-03-06T10:40:40Z,2026-03-06T10:41:40Z,NORMAL_READING,low,3.55,59.99,running,0.93,0.86,0.61,MP-FW-2.9,GW-A2
MP-1084,MechaPulse,PLANT_01,2026-03-11T00:05:00Z,MCH-004,LINE-B,2026-03-10T19:25:49Z,2026-03-10T19:33:49Z,NORMAL_READING,low,4.06,57.98,running,0.91,0.74,10.64,MP-FW-2.9,GW-B1
MP-1085,MechaPulse,PLANT_01,2026-03-11T00:05:00Z,MCH-009,LINE-A,2026-03-09T06:32:27Z,2026-03-09T18:32:27Z,NORMAL_READING,low,0.15,70.26,running,0.81,0.82,5.25,MP-FW-2.9,GW-B1
MP-1086,MechaPulse,PLANT_01,2026-03-11T00:05:00Z,MCH-007,LINE-C,2026-03-05T22:46:17Z,2026-03-05T22:47:17Z,NORMAL_READING,low,4.8,65.88,running,0.75,0.83,9.0,MP-FW-3.2,GW-B1
MP-1087,MechaPulse,PLANT_01,2026-03-11T00:05:00Z,MCH-005,LINE-A,2026-03-07T10:53:02Z,2026-03-07T11:08:02Z,NORMAL_READING,low,2.24,48.8,running,0.85,0.85,5.84,MP-FW-3.2,GW-A1
MP-1088,MechaPulse,PLANT_01,2026-03-11T00:05:00Z,MCH-003,LINE-B,2026-03-03T23:04:45Z,2026-03-03T23:06:45Z,NORMAL_READING,low,3.73,70.05,idle,0.96,0.78,9.75,MP-FW-3.2,GW-B1
MP-1089,MechaPulse,PLANT_01,2026-03-11T00:05:00Z,MCH-008,LINE-B,2026-03-07T06:11:34Z,2026-03-07T06:26:34Z,NORMAL_READING,low,5.07,54.61,idle,0.85,0.69,0.5,MP-FW-2.9,GW-B1
MP-1090,MechaPulse,PLANT_01,2026-03-11T00:05:00Z,MCH-006,LINE-C,2026-03-07T06:38:08Z,2026-03-07T06:40:08Z,NORMAL_READING,low,4.42,64.43,idle,0.86,0.72,1.65,MP-FW-2.9,GW-A2
MP-1091,MechaPulse,PLANT_01,2026-03-11T00:05:00Z,MCH-009,LINE-A,2026-03-02T11:14:27Z,2026-03-02T11:20:27Z,NORMAL_READING,low,4.05,55.68,running,0.92,0.92,11.01,MP-FW-3.2,GW-A2
MP-1092,MechaPulse,PLANT_01,2026-03-11T00:05:00Z,MCH-007,LINE-C,2026-03-07T23:46:34Z,2026-03-07T23:52:34Z,NORMAL_READING,low,2.73,61.94,idle,0.95,0.96,7.45,MP-FW-2.9,GW-B1
MP-1093,MechaPulse,PLANT_01,2026-03-11T00:05:00Z,MCH-008,LINE-B,2026-03-09T17:25:36Z,2026-03-09T17:29:36Z,NORMAL_READING,low,3.2,60.99,idle,0.77,0.8,5.17,MP-FW-3.2,GW-C1
MP-1094,MechaPulse,PLANT_01,2026-03-11T00:05:00Z,MCH-003,LINE-B,2026-03-07T21:39:09Z,2026-03-07T21:41:09Z,NORMAL_READING,low,4.02,57.98,running,0.92,0.83,3.48,MP-FW-3.2,GW-C1
MP-1095,MechaPulse,PLANT_01,2026-03-11T00:05:00Z,MCH-003,LINE-B,2026-03-10T20:17:57Z,2026-03-10T20:25:57Z,NORMAL_READING,low,4.4,49.12,idle,0.83,1.0,11.12,MP-FW-3.1,GW-B1
MP-1096,MechaPulse,PLANT_01,2026-03-11T00:05:00Z,MCH-001,LINE-A,2026-03-04T04:49:31Z,2026-03-04T04:56:31Z,NORMAL_READING,low,3.37,62.75,running,0.73,0.93,1.03,MP-FW-2.9,GW-C1
MP-1097,MechaPulse,PLANT_01,2026-03-11T00:05:00Z,MCH-009,LINE-A,2026-03-04T04:22:52Z,2026-03-04T04:25:52Z,NORMAL_READING,low,3.74,63.96,running,0.9,0.75,3.96,MP-FW-3.2,GW-C1
MP-1098,MechaPulse,PLANT_01,2026-03-11T00:05:00Z,MCH-002,LINE-A,2026-03-06T20:46:08Z,2026-03-06T20:52:08Z,NORMAL_READING,low,4.28,59.8,running,1.0,0.83,0.39,MP-FW-3.2,GW-A1
MP-1099,MechaPulse,PLANT_01,2026-03-11T00:05:00Z,MCH-012,LINE-B,2026-03-07T15:23:19Z,2026-03-07T15:24:19Z,NORMAL_READING,low,2.69,59.3,idle,0.91,0.67,1.87,MP-FW-2.9,GW-A2
MP-1100,MechaPulse,PLANT_01,2026-03-11T00:05:00Z,MCH-001,LINE-A,2026-03-08T23:17:07Z,2026-03-08T23:25:07Z,NORMAL_READING,low,4.35,62.62,running,0.83,0.88,3.87,MP-FW-2.9,GW-C1
MP-1101,MechaPulse,PLANT_01,2026-03-11T00:05:00Z,MCH-006,LINE-C,2026-03-04T13:40:11Z,2026-03-04T13:45:11Z,NORMAL_READING,low,4.26,59.12,running,0.81,0.66,11.19,MP-FW-3.2,GW-B1
MP-1102,MechaPulse,PLANT_01,2026-03-11T00:05:00Z,MCH-008,LINE-B,2026-03-08T20:28:45Z,2026-03-08T20:35:45Z,NORMAL_READING,low,2.98,67.07,idle,0.87,0.89,0.68,MP-FW-2.9,GW-A1
MP-1103,MechaPulse,PLANT_01,2026-03-11T00:05:00Z,MCH-004,LINE-B,2026-03-06T00:47:41Z,2026-03-06T00:49:41Z,NORMAL_READING,low,3.39,57.84,idle,0.87,0.97,7.41,MP-FW-3.1,GW-A1
MP-1104,MechaPulse,PLANT_01,2026-03-11T00:05:00Z,MCH-005,LINE-A,2026-03-09T03:53:30Z,2026-03-09T04:01:30Z,NORMAL_READING,low,3.15,59.04,idle,0.93,0.83,10.46,MP-FW-3.1,GW-A2
MP-1105,MechaPulse,PLANT_01,2026-03-11T00:05:00Z,MCH-006,LINE-C,2026-03-09T05:27:54Z,2026-03-09T05:32:54Z,NORMAL_READING,low,,67.64,running,0.96,0.84,3.42,MP-FW-2.9,GW-C1
MP-1106,MechaPulse,PLANT_01,2026-03-11T00:05:00Z,MCH-010,LINE-C,2026-03-02T12:38:54Z,2026-03-02T12:41:54Z,NORMAL_READING,low,3.11,72.8,running,0.93,0.93,7.1,MP-FW-2.9,GW-C1
MP-1107,MechaPulse,PLANT_01,2026-03-11T00:05:00Z,MCH-009,LINE-A,2026-03-06T20:42:20Z,2026-03-06T21:12:20Z,NORMAL_READING,low,3.0,63.57,running,0.69,0.87,0.33,MP-FW-2.9,GW-B1
MP-1108,MechaPulse,PLANT_01,2026-03-11T00:05:00Z,MCH-008,LINE-B,2026-03-01T16:57:42Z,2026-03-01T17:02:42Z,NORMAL_READING,low,2.77,62.76,idle,0.71,0.84,11.02,MP-FW-3.2,GW-A2
MP-1109,MechaPulse,PLANT_01,2026-03-11T00:05:00Z,MCH-005,LINE-A,2026-03-07T21:24:23Z,2026-03-07T21:26:23Z,NORMAL_READING,low,2.68,49.35,idle,0.93,0.66,9.57,MP-FW-2.9,GW-A2
MP-1110,MechaPulse,PLANT_01,2026-03-11T00:05:00Z,MCH-007,LINE-C,2026-03-02T16:55:10Z,2026-03-02T18:55:10Z,NORMAL_READING,low,4.13,56.87,idle,0.91,0.97,6.51,MP-FW-2.9,GW-B1
MP-1111,MechaPulse,PLANT_01,2026-03-11T00:05:00Z,MCH-008,LINE-B,2026-03-05T12:07:16Z,2026-03-05T12:08:16Z,NORMAL_READING,low,3.36,54.12,running,0.77,0.91,8.89,MP-FW-2.9,GW-C1
MP-1112,MechaPulse,PLANT_01,2026-03-11T00:05:00Z,MCH-005,LINE-A,2026-03-05T08:26:28Z,2026-03-05T08:28:28Z,NORMAL_READING,low,2.22,68.4,idle,0.91,0.8,0.24,MP-FW-3.1,GW-B1
MP-1113,MechaPulse,PLANT_01,2026-03-11T00:05:00Z,MCH-006,LINE-C,2026-03-09T04:21:34Z,2026-03-09T04:23:34Z,NORMAL_READING,low,3.77,57.95,running,0.91,0.89,2.92,MP-FW-3.1,GW-A1
MP-1114,MechaPulse,PLANT_01,2026-03-11T00:05:00Z,MCH-007,LINE-C,2026-03-06T01:54:38Z,2026-03-06T01:55:38Z,NORMAL_READING,low,3.41,63.8,running,0.89,0.91,6.73,MP-FW-2.9,GW-B1
MP-1115,MechaPulse,PLANT_01,2026-03-11T00:05:00Z,MCH-003,LINE-B,2026-03-10T23:16:09Z,2026-03-10T23:23:09Z,NORMAL_READING,low,2.64,64.49,idle,1.0,0.77,6.13,MP-FW-2.9,GW-C1
MP-1116,MechaPulse,PLANT_01,2026-03-11T00:05:00Z,MCH-005,LINE-A,2026-03-04T09:53:24Z,2026-03-04T09:54:24Z,NORMAL_READING,low,3.43,55.21,running,0.84,0.99,2.5,MP-FW-2.9,GW-A1
MP-1117,MechaPulse,PLANT_01,2026-03-11T00:05:00Z,MCH-011,LINE-D,2026-03-10T15:19:23Z,2026-03-10T15:21:23Z,NORMAL_READING,low,1.38,59.49,running,0.69,0.99,10.03,MP-FW-3.2,GW-B1
MP-1118,MechaPulse,PLANT_01,2026-03-11T00:05:00Z,MCH-012,LINE-B,2026-03-01T04:11:13Z,2026-03-01T04:18:13Z,NORMAL_READING,low,3.93,61.29,running,0.99,0.76,4.26,MP-FW-3.2,GW-B1
MP-1119,MechaPulse,PLANT_01,2026-03-11T00:05:00Z,MCH-006,LINE-C,2026-03-06T15:47:29Z,2026-03-06T15:51:29Z,NORMAL_READING,low,,52.92,running,0.95,0.79,3.54,MP-FW-3.1,GW-B1
MP-1120,MechaPulse,PLANT_01,2026-03-11T00:05:00Z,MCH-001,LINE-A,2026-03-07T11:35:53Z,2026-03-07T11:43:53Z,HIGH_VIBRATION,medium,6.14,74.05,running,0.86,0.77,2.28,MP-FW-2.9,GW-A1
MP-1121,MechaPulse,PLANT_01,2026-03-11T00:05:00Z,MCH-004,LINE-B,2026-03-10T13:07:54Z,2026-03-10T13:11:54Z,HIGH_VIBRATION,medium,12.14,69.99,running,0.89,0.74,7.41,MP-FW-2.9,GW-C1
MP-1122,MechaPulse,PLANT_01,2026-03-11T00:05:00Z,MCH-004,LINE-B,2026-03-01T04:17:00Z,2026-03-01T04:18:00Z,HIGH_VIBRATION,critical,8.89,73.61,running,0.82,0.83,10.57,MP-FW-2.9,GW-A2
MP-1123,MechaPulse,PLANT_01,2026-03-11T00:05:00Z,MCH-001,LINE-A,2026-03-08T01:14:33Z,2026-03-08T01:18:33Z,HIGH_VIBRATION,high,13.46,68.21,running,0.82,0.9,9.9,MP-FW-3.1,GW-A1
MP-1124,MechaPulse,PLANT_01,2026-03-11T00:05:00Z,MCH-005,LINE-A,2026-03-05T06:59:35Z,2026-03-05T07:05:35Z,HIGH_VIBRATION,high,13.07,74.38,running,0.92,0.94,2.59,MP-FW-2.9,GW-C1
MP-1125,MechaPulse,PLANT_01,2026-03-11T00:05:00Z,MCH-001,LINE-A,2026-03-01T20:18:43Z,2026-03-01T20:22:43Z,HIGH_VIBRATION,high,14.98,67.91,running,1.0,0.89,2.04,MP-FW-3.1,GW-C1
MP-1126,MechaPulse,PLANT_01,2026-03-11T00:05:00Z,MCH-004,LINE-B,2026-03-07T03:36:21Z,2026-03-07T03:42:21Z,HIGH_VIBRATION,high,12.84,69.61,running,1.0,0.83,10.99,MP-FW-3.2,GW-B1
MP-1127,MechaPulse,PLANT_01,2026-03-11T00:05:00Z,MCH-001,LINE-A,2026-03-04T02:38:50Z,2026-03-04T02:45:50Z,HIGH_VIBRATION,high,10.83,74.44,running,0.96,0.8,1.94,MP-FW-2.9,GW-A2
MP-1128,MechaPulse,PLANT_01,2026-03-11T00:05:00Z,MCH-008,LINE-B,2026-03-04T14:28:23Z,2026-03-04T14:30:23Z,HIGH_VIBRATION,medium,13.42,84.41,running,0.75,0.9,4.2,MP-FW-3.1,GW-B1
MP-1129,MechaPulse,PLANT_01,2026-03-11T00:05:00Z,MCH-008,LINE-B,2026-03-01T03:22:18Z,2026-03-01T03:25:18Z,HIGH_VIBRATION,high,12.13,76.18,running,1.0,0.71,2.09,MP-FW-3.2,GW-C1
MP-1130,MechaPulse,PLANT_01,2026-03-11T00:05:00Z,MCH-005,LINE-A,2026-03-09T21:43:04Z,2026-03-09T21:45:04Z,HIGH_VIBRATION,high,,80.02,running,0.8,0.75,9.94,MP-FW-3.2,GW-B1
MP-1131,MechaPulse,PLANT_01,2026-03-11T00:05:00Z,MCH-005,LINE-A,2026-03-10T08:52:55Z,2026-03-10T08:58:55Z,HIGH_VIBRATION,critical,10.32,73.3,running,0.8,1.0,11.14,MP-FW-3.1,GW-B1
MP-1132,MechaPulse,PLANT_01,2026-03-11T00:05:00Z,MCH-005,LINE-A,2026-03-10T06:57:50Z,2026-03-10T08:57:50Z,HIGH_VIBRATION,high,9.58,87.92,running,0.97,1.0,9.59,MP-FW-3.1,GW-C1
MP-1133,MechaPulse,PLANT_01,2026-03-11T00:05:00Z,MCH-004,LINE-B,2026-03-02T14:00:40Z,2026-03-02T18:00:40Z,HIGH_VIBRATION,high,12.95,85.71,running,0.85,0.67,6.34,MP-FW-3.2,GW-A1
MP-1134,MechaPulse,PLANT_01,2026-03-11T00:05:00Z,MCH-001,LINE-A,2026-03-03T19:47:42Z,2026-03-03T19:54:42Z,HIGH_VIBRATION,critical,7.34,83.12,running,1.0,0.92,2.71,MP-FW-2.9,GW-A2
MP-1135,MechaPulse,PLANT_01,2026-03-11T00:05:00Z,MCH-005,LINE-A,2026-03-05T10:48:29Z,2026-03-05T11:18:29Z,HIGH_VIBRATION,critical,7.1,69.02,running,0.87,0.86,4.08,MP-FW-3.1,GW-C1
MP-1136,MechaPulse,PLANT_01,2026-03-11T00:05:00Z,MCH-005,LINE-A,2026-03-02T02:39:28Z,2026-03-02T02:54:28Z,HIGH_VIBRATION,critical,8.6,67.38,running,0.83,1.0,2.17,MP-FW-3.1,GW-B1
MP-1137,MechaPulse,PLANT_01,2026-03-11T00:05:00Z,MCH-004,LINE-B,2026-03-06T06:10:14Z,2026-03-06T06:14:14Z,HIGH_VIBRATION,high,11.88,,running,0.84,0.76,8.15,MP-FW-3.1,GW-A1
MP-1138,MechaPulse,PLANT_01,2026-03-11T00:05:00Z,MCH-008,LINE-B,2026-03-07T02:36:11Z,2026-03-07T02:42:11Z,HIGH_VIBRATION,high,11.73,81.86,running,0.87,1.0,7.18,MP-FW-2.9,GW-B1
MP-1139,MechaPulse,PLANT_01,2026-03-11T00:05:00Z,MCH-009,LINE-A,2026-03-07T17:09:05Z,2026-03-07T17:16:05Z,HIGH_VIBRATION,critical,9.9,76.99,running,0.86,0.9,8.04,MP-FW-2.9,GW-A2
MP-1140,MechaPulse,PLANT_01,2026-03-11T00:05:00Z,MCH-004,LINE-B,2026-03-06T13:42:18Z,2026-03-06T13:50:18Z,HIGH_VIBRATION,medium,10.75,88.18,running,0.76,0.7,7.94,MP-FW-3.2,GW-C1
MP-1141,MechaPulse,PLANT_01,2026-03-11T00:05:00Z,MCH-005,LINE-A,2026-03-01T22:34:36Z,2026-03-01T22:42:36Z,HIGH_VIBRATION,medium,9.62,68.59,running,0.94,0.85,3.23,MP-FW-2.9,GW-B1
MP-1142,MechaPulse,PLANT_01,2026-03-11T00:05:00Z,MCH-004,LINE-B,2026-03-09T14:39:02Z,2026-03-09T14:43:02Z,HIGH_VIBRATION,critical,7.82,76.02,running,0.76,0.91,5.16,MP-FW-3.1,GW-A2
MP-1143,MechaPulse,PLANT_01,2026-03-11T00:05:00Z,MCH-001,LINE-A,2026-03-09T09:25:37Z,2026-03-09T09:30:37Z,HIGH_VIBRATION,critical,7.25,84.16,running,0.85,0.8,2.1,MP-FW-2.9,GW-B1
MP-1144,MechaPulse,PLANT_01,2026-03-11T00:05:00Z,MCH-005,LINE-A,2026-03-04T01:00:54Z,2026-03-04T01:01:54Z,HIGH_VIBRATION,critical,12.35,72.9,running,1.0,0.98,8.24,MP-FW-3.1,GW-C1
MP-1145,MechaPulse,PLANT_01,2026-03-11T00:05:00Z,MCH-005,LINE-A,2026-03-07T13:40:40Z,2026-03-07T13:47:40Z,HIGH_VIBRATION,high,11.39,68.42,running,1.0,0.92,3.9,MP-FW-3.1,GW-A1
MP-1146,MechaPulse,PLANT_01,2026-03-11T00:05:00Z,MCH-008,LINE-B,2026-03-06T05:11:40Z,2026-03-06T05:15:40Z,HIGH_VIBRATION,critical,7.87,59.26,running,0.9,0.74,9.83,MP-FW-3.2,GW-A1
MP-1147,MechaPulse,PLANT_01,2026-03-11T00:05:00Z,MCH-001,LINE-A,2026-03-08T02:59:50Z,2026-03-08T03:06:50Z,HIGH_VIBRATION,high,17.61,75.88,running,0.93,0.93,10.74,MP-FW-3.2,GW-A1
MP-1148,MechaPulse,PLANT_01,2026-03-11T00:05:00Z,MCH-004,LINE-B,2026-03-03T20:22:05Z,2026-03-03T20:26:05Z,HIGH_VIBRATION,high,11.25,64.06,running,0.99,0.88,6.91,MP-FW-2.9,GW-C1
MP-1149,MechaPulse,PLANT_01,2026-03-11T00:05:00Z,MCH-001,LINE-A,2026-03-08T21:56:21Z,2026-03-08T21:58:21Z,HIGH_VIBRATION,medium,11.39,73.38,running,0.9,0.87,10.08,MP-FW-2.9,GW-A2
MP-1150,MechaPulse,PLANT_01,2026-03-11T00:05:00Z,MCH-001,LINE-A,2026-03-07T09:48:00Z,2026-03-07T10:18:00Z,HIGH_VIBRATION,critical,7.87,67.03,running,0.86,0.7,1.59,MP-FW-2.9,GW-C1
MP-1151,MechaPulse,PLANT_01,2026-03-11T00:05:00Z,MCH-005,LINE-A,2026-03-05T21:15:20Z,2026-03-05T21:20:20Z,HIGH_VIBRATION,medium,9.24,85.51,running,0.88,0.98,6.05,MP-FW-2.9,GW-A2
MP-1152,MechaPulse,PLANT_01,2026-03-11T00:05:00Z,MCH-008,LINE-B,2026-03-04T08:42:41Z,2026-03-04T08:44:41Z,HIGH_VIBRATION,medium,9.99,60.1,running,0.89,0.94,9.93,MP-FW-2.9,GW-C1
MP-1153,MechaPulse,PLANT_01,2026-03-11T00:05:00Z,MCH-005,LINE-A,2026-03-08T18:29:11Z,2026-03-08T18:30:11Z,HIGH_VIBRATION,high,16.26,70.13,running,0.91,0.84,8.87,MP-FW-3.2,GW-C1
MP-1154,MechaPulse,PLANT_01,2026-03-11T00:05:00Z,MCH-001,LINE-A,2026-03-07T02:31:34Z,2026-03-07T02:34:34Z,HIGH_VIBRATION,critical,9.7,76.74,running,1.0,0.95,0.95,MP-FW-2.9,GW-C1
MP-1155,MechaPulse,PLANT_01,2026-03-11T00:05:00Z,MCH-008,LINE-B,2026-03-10T15:08:15Z,2026-03-11T03:08:15Z,HIGH_VIBRATION,medium,9.37,92.18,running,0.96,0.93,2.05,MP-FW-3.2,GW-B1
MP-1156,MechaPulse,PLANT_01,2026-03-11T00:05:00Z,MCH-001,LINE-A,2026-03-02T10:39:47Z,2026-03-02T10:41:47Z,HIGH_VIBRATION,high,12.69,70.01,running,0.94,0.79,0.83,MP-FW-2.9,GW-A2
MP-1157,MechaPulse,PLANT_01,2026-03-11T00:05:00Z,MCH-005,LINE-A,2026-03-03T21:39:49Z,2026-03-03T21:40:49Z,HIGH_VIBRATION,medium,11.68,66.61,running,0.98,0.95,9.89,MP-FW-2.9,GW-C1
MP-1158,MechaPulse,PLANT_01,2026-03-11T00:05:00Z,MCH-001,LINE-A,2026-03-03T19:47:26Z,2026-03-03T19:48:26Z,HIGH_VIBRATION,critical,7.53,87.54,running,0.84,0.82,5.46,MP-FW-3.2,GW-B1
MP-1159,MechaPulse,PLANT_01,2026-03-11T00:05:00Z,MCH-005,LINE-A,2026-03-07T07:01:29Z,2026-03-07T07:07:29Z,HIGH_VIBRATION,medium,8.01,78.87,running,0.91,0.68,8.79,MP-FW-3.1,GW-A2
MP-1160,MechaPulse,PLANT_01,2026-03-11T00:05:00Z,MCH-001,LINE-A,2026-03-05T15:58:01Z,2026-03-05T16:05:01Z,HIGH_VIBRATION,medium,6.32,71.06,running,0.88,0.83,5.76,MP-FW-3.1,GW-A2
MP-1161,MechaPulse,PLANT_01,2026-03-11T00:05:00Z,MCH-004,LINE-B,2026-03-02T01:24:02Z,2026-03-02T01:26:02Z,HIGH_VIBRATION,medium,11.23,68.17,running,0.86,0.75,0.9,MP-FW-2.9,GW-A2
MP-1162,MechaPulse,PLANT_01,2026-03-11T00:05:00Z,MCH-001,LINE-A,2026-03-03T23:16:54Z,2026-03-03T23:20:54Z,HIGH_VIBRATION,high,14.68,70.42,running,0.91,0.76,2.06,MP-FW-3.2,GW-B1
MP-1163,MechaPulse,PLANT_01,2026-03-11T00:05:00Z,MCH-005,LINE-A,2026-03-07T02:20:22Z,2026-03-07T02:25:22Z,HIGH_VIBRATION,medium,6.96,76.66,running,0.9,0.81,1.23,MP-FW-3.1,GW-B1
MP-1164,MechaPulse,PLANT_01,2026-03-11T00:05:00Z,MCH-005,LINE-A,2026-03-01T13:22:43Z,2026-03-01T13:26:43Z,HIGH_VIBRATION,high,12.39,98.41,running,0.96,0.86,9.02,MP-FW-3.1,GW-A2
MP-1165,MechaPulse,PLANT_01,2026-03-11T00:05:00Z,MCH-001,LINE-A,2026-03-05T13:23:23Z,2026-03-05T13:24:23Z,HIGH_VIBRATION,critical,7.14,65.6,running,0.83,0.8,9.77,MP-FW-3.2,GW-A1
MP-1166,MechaPulse,PLANT_01,2026-03-11T00:05:00Z,MCH-001,LINE-A,2026-03-06T05:52:03Z,2026-03-06T05:59:03Z,HIGH_VIBRATION,medium,11.19,70.09,running,0.87,0.72,0.59,MP-FW-2.9,GW-A2
MP-1167,MechaPulse,PLANT_01,2026-03-11T00:05:00Z,MCH-004,LINE-B,2026-03-06T16:13:26Z,2026-03-06T16:17:26Z,HIGH_VIBRATION,critical,8.31,74.45,running,0.82,0.91,4.26,MP-FW-2.9,GW-C1
MP-1168,MechaPulse,PLANT_01,2026-03-11T00:05:00Z,MCH-005,LINE-A,2026-03-07T10:27:32Z,2026-03-07T10:32:32Z,HIGH_VIBRATION,high,11.79,77.25,running,0.86,0.9,11.21,MP-FW-3.1,GW-A2
MP-1169,MechaPulse,PLANT_01,2026-03-11T00:05:00Z,MCH-004,LINE-B,2026-03-04T00:46:34Z,2026-03-04T00:52:34Z,HIGH_VIBRATION,critical,15.81,83.23,running,0.91,1.0,8.54,MP-FW-3.2,GW-A1
MP-1170,MechaPulse,PLANT_01,2026-03-11T00:05:00Z,MCH-004,LINE-B,2026-03-05T00:01:36Z,2026-03-05T00:06:36Z,HIGH_VIBRATION,critical,12.41,89.17,running,0.96,,5.6,MP-FW-3.2,GW-A2
MP-1171,MechaPulse,PLANT_01,2026-03-11T00:05:00Z,MCH-008,LINE-B,2026-03-04T21:02:45Z,2026-03-04T21:05:45Z,HIGH_VIBRATION,medium,12.73,66.46,running,0.87,0.86,10.84,MP-FW-3.2,GW-A1
MP-1172,MechaPulse,PLANT_01,2026-03-11T00:05:00Z,MCH-005,LINE-A,2026-03-04T16:05:08Z,2026-03-04T16:11:08Z,HIGH_VIBRATION,medium,8.95,65.48,running,0.82,0.75,1.64,MP-FW-2.9,GW-A1
MP-1173,MechaPulse,PLANT_01,2026-03-11T00:05:00Z,MCH-009,LINE-A,2026-03-07T12:25:25Z,2026-03-07T12:27:25Z,HIGH_VIBRATION,critical,11.99,76.2,running,1.0,0.72,2.1,MP-FW-3.1,GW-B1
MP-1174,MechaPulse,PLANT_01,2026-03-11T00:05:00Z,MCH-005,LINE-A,2026-03-04T00:25:13Z,2026-03-04T01:25:13Z,HIGH_VIBRATION,medium,8.52,67.04,running,0.91,0.68,6.37,MP-FW-3.1,GW-C1
MP-1175,MechaPulse,PLANT_01,2026-03-11T00:05:00Z,MCH-008,LINE-B,2026-03-07T13:50:41Z,2026-03-07T14:00:41Z,HIGH_VIBRATION,critical,9.55,82.66,running,0.89,0.82,6.38,MP-FW-3.1,GW-B1
MP-1176,MechaPulse,PLANT_01,2026-03-11T00:05:00Z,MCH-004,LINE-B,2026-03-07T23:33:57Z,2026-03-07T23:34:57Z,HIGH_VIBRATION,high,12.17,65.84,running,0.82,0.73,8.45,MP-FW-3.2,GW-B1
MP-1177,MechaPulse,PLANT_01,2026-03-11T00:05:00Z,MCH-005,LINE-A,2026-03-02T02:11:03Z,2026-03-02T02:16:03Z,HIGH_VIBRATION,high,9.18,67.33,running,0.92,0.92,7.41,MP-FW-3.1,GW-C1
MP-1178,MechaPulse,PLANT_01,2026-03-11T00:05:00Z,MCH-008,LINE-B,2026-03-04T12:12:50Z,2026-03-04T12:18:50Z,HIGH_VIBRATION,high,8.42,77.08,running,0.87,0.98,2.76,MP-FW-3.2,GW-A1
MP-1179,MechaPulse,PLANT_01,2026-03-11T00:05:00Z,MCH-001,LINE-A,2026-03-08T22:10:42Z,2026-03-08T22:11:42Z,HIGH_VIBRATION,medium,10.85,77.77,running,0.67,0.77,5.57,MP-FW-3.1,GW-C1
MP-1180,MechaPulse,PLANT_01,2026-03-11T00:05:00Z,MCH-005,LINE-A,2026-03-05T11:48:57Z,2026-03-05T11:51:57Z,HIGH_VIBRATION,critical,11.87,76.25,running,0.78,0.83,9.34,MP-FW-3.1,GW-A1
MP-1181,MechaPulse,PLANT_01,2026-03-11T00:05:00Z,MCH-005,LINE-A,2026-03-08T18:32:27Z,2026-03-08T18:34:27Z,HIGH_VIBRATION,medium,12.15,73.81,running,0.91,0.77,10.56,MP-FW-3.1,GW-C1
MP-1182,MechaPulse,PLANT_01,2026-03-11T00:05:00Z,MCH-001,LINE-A,2026-03-02T16:51:09Z,2026-03-02T16:53:09Z,HIGH_VIBRATION,critical,6.19,66.92,running,1.0,0.76,7.6,MP-FW-2.9,GW-C1
MP-1183,MechaPulse,PLANT_01,2026-03-11T00:05:00Z,MCH-001,LINE-A,2026-03-04T03:12:25Z,2026-03-04T03:16:25Z,HIGH_VIBRATION,medium,6.86,65.82,running,0.81,0.9,9.17,MP-FW-3.2,GW-B1
MP-1184,MechaPulse,PLANT_01,2026-03-11T00:05:00Z,MCH-008,LINE-B,2026-03-10T18:21:44Z,2026-03-10T18:27:44Z,HIGH_VIBRATION,critical,12.65,83.33,running,1.0,1.0,9.51,MP-FW-2.9,GW-C1
MP-1185,MechaPulse,PLANT_01,2026-03-11T00:05:00Z,MCH-008,LINE-B,2026-03-10T20:48:23Z,2026-03-10T22:48:23Z,HIGH_VIBRATION,medium,7.97,73.55,running,0.84,0.95,3.02,MP-FW-3.2,GW-A1
MP-1186,MechaPulse,PLANT_01,2026-03-11T00:05:00Z,MCH-009,LINE-A,2026-03-09T00:24:12Z,2026-03-09T00:28:12Z,HIGH_VIBRATION,high,11.21,80.58,running,0.74,0.98,4.15,MP-FW-3.1,GW-B1
MP-1187,MechaPulse,PLANT_01,2026-03-11T00:05:00Z,MCH-008,LINE-B,2026-03-08T20:06:05Z,2026-03-08T20:10:05Z,HIGH_VIBRATION,high,13.46,74.44,running,0.96,,9.02,MP-FW-2.9,GW-A1
MP-1188,MechaPulse,PLANT_01,2026-03-11T00:05:00Z,MCH-005,LINE-A,2026-03-02T12:07:41Z,2026-03-02T12:12:41Z,HIGH_VIBRATION,medium,8.98,73.38,running,0.88,1.0,7.85,MP-FW-2.9,GW-C1
MP-1189,MechaPulse,PLANT_01,2026-03-11T00:05:00Z,MCH-004,LINE-B,2026-03-01T02:00:32Z,2026-03-01T02:02:32Z,HIGH_VIBRATION,critical,13.13,70.8,running,0.78,0.79,7.61,MP-FW-2.9,GW-B1
MP-1190,MechaPulse,PLANT_01,2026-03-11T00:05:00Z,MCH-001,LINE-A,2026-03-06T21:15:48Z,2026-03-06T21:18:48Z,HIGH_VIBRATION,medium,12.27,65.47,running,0.91,0.71,4.59,MP-FW-3.1,GW-A2
MP-1191,MechaPulse,PLANT_01,2026-03-11T00:05:00Z,MCH-005,LINE-A,2026-03-09T02:47:14Z,2026-03-09T02:50:14Z,HIGH_VIBRATION,critical,5.61,70.97,running,0.98,0.76,3.12,MP-FW-2.9,GW-A2
MP-1192,MechaPulse,PLANT_01,2026-03-11T00:05:00Z,MCH-009,LINE-A,2026-03-04T19:39:41Z,2026-03-04T19:45:41Z,HIGH_VIBRATION,medium,9.46,79.6,running,0.94,0.76,6.79,MP-FW-2.9,GW-A1
MP-1193,MechaPulse,PLANT_01,2026-03-11T00:05:00Z,MCH-005,LINE-A,2026-03-03T05:07:32Z,2026-03-03T05:10:32Z,HIGH_VIBRATION,medium,10.59,68.2,running,0.87,0.87,1.82,MP-FW-2.9,GW-A2
MP-1194,MechaPulse,PLANT_01,2026-03-11T00:05:00Z,MCH-008,LINE-B,2026-03-06T13:08:21Z,2026-03-06T13:11:21Z,HIGH_VIBRATION,critical,11.01,73.42,running,0.96,0.88,5.1,MP-FW-3.2,GW-C1
MP-1195,MechaPulse,PLANT_01,2026-03-11T00:05:00Z,MCH-005,LINE-A,2026-03-06T10:21:24Z,2026-03-06T10:25:24Z,HIGH_VIBRATION,medium,,75.25,running,0.87,0.85,3.73,MP-FW-3.1,GW-C1
MP-1196,MechaPulse,PLANT_01,2026-03-11T00:05:00Z,MCH-005,LINE-A,2026-03-04T11:35:10Z,2026-03-04T11:41:10Z,HIGH_VIBRATION,medium,9.99,67.98,running,0.85,1.0,8.68,MP-FW-3.1,GW-C1
MP-1197,MechaPulse,PLANT_01,2026-03-11T00:05:00Z,MCH-001,LINE-A,2026-03-03T13:15:46Z,2026-03-03T13:16:46Z,HIGH_VIBRATION,medium,9.31,75.63,running,0.84,0.84,0.74,MP-FW-3.1,GW-A1
MP-1198,MechaPulse,PLANT_01,2026-03-11T00:05:00Z,MCH-001,LINE-A,2026-03-02T07:37:26Z,2026-03-02T07:38:26Z,HIGH_VIBRATION,high,10.87,80.88,running,0.83,0.85,1.75,MP-FW-3.1,GW-A1
MP-1199,MechaPulse,PLANT_01,2026-03-11T00:05:00Z,MCH-005,LINE-A,2026-03-09T22:17:06Z,2026-03-09T22:24:06Z,HIGH_VIBRATION,high,13.24,79.07,running,0.87,0.96,3.94,MP-FW-3.1,GW-A1
MP-1200,MechaPulse,PLANT_01,2026-03-11T00:05:00Z,MCH-004,LINE-B,2026-03-02T06:09:53Z,2026-03-02T06:11:53Z,HIGH_VIBRATION,critical,8.62,70.03,running,0.96,0.9,0.77,MP-FW-3.1,GW-A1
MP-1201,MechaPulse,PLANT_01,2026-03-11T00:05:00Z,MCH-008,LINE-B,2026-03-05T02:21:51Z,2026-03-05T02:24:51Z,HIGH_VIBRATION,critical,7.88,86.1,running,0.99,0.93,10.13,MP-FW-3.1,GW-B1
MP-1202,MechaPulse,PLANT_01,2026-03-11T00:05:00Z,MCH-008,LINE-B,2026-03-03T01:56:07Z,2026-03-03T02:03:07Z,HIGH_VIBRATION,high,10.92,79.18,running,0.94,0.71,10.85,MP-FW-3.1,GW-A1
MP-1203,MechaPulse,PLANT_01,2026-03-11T00:05:00Z,MCH-005,LINE-A,2026-03-07T17:18:30Z,2026-03-08T05:18:30Z,HIGH_VIBRATION,critical,8.62,69.44,running,0.83,0.9,10.23,MP-FW-3.2,GW-A1
MP-1204,MechaPulse,PLANT_01,2026-03-11T00:05:00Z,MCH-001,LINE-A,2026-03-08T10:51:20Z,2026-03-08T10:57:20Z,HIGH_VIBRATION,medium,8.31,62.44,running,0.89,0.71,5.65,MP-FW-2.9,GW-C1
MP-1205,MechaPulse,PLANT_01,2026-03-11T00:05:00Z,MCH-001,LINE-A,2026-03-10T09:40:35Z,2026-03-10T09:43:35Z,HIGH_VIBRATION,critical,12.04,77.86,running,0.97,1.0,2.72,MP-FW-2.9,GW-C1
MP-1206,MechaPulse,PLANT_01,2026-03-11T00:05:00Z,MCH-005,LINE-A,2026-03-03T16:10:05Z,2026-03-03T16:18:05Z,HIGH_VIBRATION,high,,77.59,running,0.96,0.9,9.53,MP-FW-2.9,GW-B1
MP-1207,MechaPulse,PLANT_01,2026-03-11T00:05:00Z,MCH-008,LINE-B,2026-03-07T09:33:13Z,2026-03-07T09:41:13Z,HIGH_VIBRATION,critical,6.76,56.73,running,0.86,0.87,5.31,MP-FW-3.1,GW-A2
MP-1208,MechaPulse,PLANT_01,2026-03-11T00:05:00Z,MCH-001,LINE-A,2026-03-05T00:58:53Z,2026-03-05T01:01:53Z,HIGH_VIBRATION,critical,10.9,72.53,running,0.76,0.82,2.41,MP-FW-3.1,GW-C1
MP-1209,MechaPulse,PLANT_01,2026-03-11T00:05:00Z,MCH-001,LINE-A,2026-03-10T09:09:50Z,2026-03-10T09:11:50Z,HIGH_VIBRATION,medium,8.99,70.26,running,0.72,0.96,5.84,MP-FW-2.9,GW-A1
MP-1210,MechaPulse,PLANT_01,2026-03-11T00:05:00Z,MCH-004,LINE-B,2026-03-05T22:11:53Z,2026-03-05T22:14:53Z,HIGH_VIBRATION,critical,6.71,75.02,running,0.92,0.81,4.93,MP-FW-2.9,GW-A2
MP-1211,MechaPulse,PLANT_01,2026-03-11T00:05:00Z,MCH-001,LINE-A,2026-03-04T21:37:18Z,2026-03-04T21:43:18Z,HIGH_VIBRATION,high,13.19,69.89,running,0.75,0.71,3.48,MP-FW-3.2,GW-A2
MP-1212,MechaPulse,PLANT_01,2026-03-11T00:05:00Z,MCH-009,LINE-A,2026-03-08T09:31:11Z,2026-03-08T09:38:11Z,HIGH_VIBRATION,critical,6.32,71.0,running,0.85,0.68,0.34,MP-FW-3.1,GW-A1
MP-1213,MechaPulse,PLANT_01,2026-03-11T00:05:00Z,MCH-005,LINE-A,2026-03-01T14:29:42Z,2026-03-01T14:30:42Z,HIGH_VIBRATION,medium,10.28,86.67,running,0.91,0.91,1.36,MP-FW-2.9,GW-A2
MP-1214,MechaPulse,PLANT_01,2026-03-11T00:05:00Z,MCH-008,LINE-B,2026-03-07T09:15:24Z,2026-03-07T09:45:24Z,HIGH_VIBRATION,medium,5.46,73.02,running,0.84,0.7,0.35,MP-FW-3.2,GW-A2
MP-1215,MechaPulse,PLANT_01,2026-03-11T00:05:00Z,MCH-004,LINE-B,2026-03-09T21:14:55Z,2026-03-09T21:18:55Z,HIGH_VIBRATION,high,15.03,58.56,running,0.85,0.7,2.31,MP-FW-3.1,GW-A1
MP-1216,MechaPulse,PLANT_01,2026-03-11T00:05:00Z,MCH-005,LINE-A,2026-03-05T21:00:17Z,2026-03-05T21:03:17Z,HIGH_VIBRATION,critical,9.09,78.72,running,0.88,0.83,9.73,MP-FW-3.2,GW-C1
MP-1217,MechaPulse,PLANT_01,2026-03-11T00:05:00Z,MCH-008,LINE-B,2026-03-07T06:13:22Z,2026-03-07T08:13:22Z,HIGH_VIBRATION,medium,9.59,67.16,running,0.89,0.9,7.7,MP-FW-3.2,GW-B1
MP-1218,MechaPulse,PLANT_01,2026-03-11T00:05:00Z,MCH-005,LINE-A,2026-03-09T13:31:39Z,2026-03-09T13:46:39Z,HIGH_VIBRATION,critical,6.54,75.62,running,0.88,0.7,7.91,MP-FW-3.2,GW-C1
MP-1219,MechaPulse,PLANT_01,2026-03-11T00:05:00Z,MCH-009,LINE-A,2026-03-02T06:57:24Z,2026-03-02T07:05:24Z,HIGH_VIBRATION,high,11.14,72.37,running,1.0,0.74,1.28,MP-FW-2.9,GW-A1
MP-1220,MechaPulse,PLANT_01,2026-03-11T00:05:00Z,MCH-004,LINE-B,2026-03-03T09:33:42Z,2026-03-03T09:40:42Z,HIGH_VIBRATION,critical,9.82,58.17,running,0.85,0.86,3.95,MP-FW-3.1,GW-A1
MP-1221,MechaPulse,PLANT_01,2026-03-11T00:05:00Z,MCH-001,LINE-A,2026-03-10T00:52:16Z,2026-03-10T00:59:16Z,HIGH_VIBRATION,critical,,80.36,running,0.95,0.79,7.19,MP-FW-2.9,GW-A1
MP-1222,MechaPulse,PLANT_01,2026-03-11T00:05:00Z,MCH-004,LINE-B,2026-03-01T19:49:22Z,2026-03-01T19:57:22Z,HIGH_VIBRATION,critical,12.1,82.7,running,0.87,0.88,8.64,MP-FW-2.9,GW-B1
MP-1223,MechaPulse,PLANT_01,2026-03-11T00:05:00Z,MCH-009,LINE-A,2026-03-02T15:20:19Z,2026-03-02T15:21:19Z,HIGH_VIBRATION,critical,13.33,60.47,running,,0.73,6.27,MP-FW-3.1,GW-B1
MP-1224,MechaPulse,PLANT_01,2026-03-11T00:05:00Z,MCH-001,LINE-A,2026-03-09T10:27:57Z,2026-03-09T10:32:57Z,HIGH_VIBRATION,critical,8.0,80.86,running,0.82,0.74,0.81,MP-FW-2.9,GW-C1
MP-1225,MechaPulse,PLANT_01,2026-03-11T00:05:00Z,MCH-004,LINE-B,2026-03-01T19:58:18Z,2026-03-01T20:01:18Z,HIGH_VIBRATION,critical,10.07,75.49,running,0.87,0.73,5.69,MP-FW-3.2,GW-B1
MP-1226,MechaPulse,PLANT_01,2026-03-11T00:05:00Z,MCH-004,LINE-B,2026-03-02T17:36:36Z,2026-03-02T17:40:36Z,HIGH_VIBRATION,critical,7.99,79.25,running,0.87,0.84,3.95,MP-FW-3.2,GW-C1
MP-1227,MechaPulse,PLANT_01,2026-03-11T00:05:00Z,MCH-005,LINE-A,2026-03-09T19:33:19Z,2026-03-09T19:36:19Z,HIGH_VIBRATION,high,11.56,72.41,running,0.76,0.72,10.28,MP-FW-2.9,GW-A1
MP-1228,MechaPulse,PLANT_01,2026-03-11T00:05:00Z,MCH-008,LINE-B,2026-03-07T14:04:25Z,2026-03-07T14:07:25Z,HIGH_VIBRATION,critical,9.33,76.13,running,0.87,1.0,5.45,MP-FW-2.9,GW-A1
MP-1229,MechaPulse,PLANT_01,2026-03-11T00:05:00Z,MCH-005,LINE-A,2026-03-06T17:07:00Z,2026-03-06T17:10:00Z,HIGH_VIBRATION,critical,9.58,94.58,running,1.0,0.82,8.52,MP-FW-3.2,GW-B1
MP-1230,MechaPulse,PLANT_01,2026-03-11T00:05:00Z,MCH-001,LINE-A,2026-03-09T15:55:31Z,2026-03-09T16:01:31Z,HIGH_VIBRATION,medium,11.06,76.96,running,0.93,0.86,1.37,MP-FW-2.9,GW-B1
MP-1231,MechaPulse,PLANT_01,2026-03-11T00:05:00Z,MCH-008,LINE-B,2026-03-03T23:54:37Z,2026-03-03T23:56:37Z,HIGH_VIBRATION,critical,7.35,70.68,running,0.8,0.93,10.01,MP-FW-3.2,GW-C1
MP-1232,MechaPulse,PLANT_01,2026-03-11T00:05:00Z,MCH-008,LINE-B,2026-03-01T01:48:32Z,2026-03-01T01:51:32Z,HIGH_VIBRATION,medium,7.79,76.13,running,0.82,0.83,8.34,MP-FW-3.2,GW-C1
MP-1233,MechaPulse,PLANT_01,2026-03-11T00:05:00Z,MCH-005,LINE-A,2026-03-07T17:19:10Z,2026-03-08T05:19:10Z,HIGH_VIBRATION,critical,9.42,72.52,running,0.98,0.87,6.04,MP-FW-3.2,GW-A1
MP-1234,MechaPulse,PLANT_01,2026-03-11T00:05:00Z,MCH-008,LINE-B,2026-03-09T06:47:42Z,2026-03-09T06:51:42Z,HIGH_VIBRATION,high,14.19,72.18,running,0.81,0.77,7.65,MP-FW-3.2,GW-A2
MP-1235,MechaPulse,PLANT_01,2026-03-11T00:05:00Z,MCH-008,LINE-B,2026-03-04T21:34:59Z,2026-03-04T23:34:59Z,HIGH_VIBRATION,high,12.15,72.28,running,0.85,0.88,5.58,MP-FW-2.9,GW-A1
MP-1236,MechaPulse,PLANT_01,2026-03-11T00:05:00Z,MCH-008,LINE-B,2026-03-07T01:06:32Z,2026-03-07T13:06:32Z,HIGH_VIBRATION,medium,11.77,80.49,running,0.96,0.77,2.79,MP-FW-3.2,GW-C1
MP-1237,MechaPulse,PLANT_01,2026-03-11T00:05:00Z,MCH-005,LINE-A,2026-03-10T03:42:47Z,2026-03-10T03:44:47Z,HIGH_VIBRATION,critical,7.24,70.12,running,0.88,1.0,9.12,MP-FW-2.9,GW-A1
MP-1238,MechaPulse,PLANT_01,2026-03-11T00:05:00Z,MCH-005,LINE-A,2026-03-05T06:24:41Z,2026-03-05T06:29:41Z,HIGH_VIBRATION,medium,8.5,67.56,running,0.85,0.88,4.69,MP-FW-3.1,GW-C1
MP-1239,MechaPulse,PLANT_01,2026-03-11T00:05:00Z,MCH-004,LINE-B,2026-03-07T08:15:30Z,2026-03-07T08:22:30Z,HIGH_VIBRATION,medium,7.37,81.41,running,0.88,0.93,8.1,MP-FW-3.1,GW-A1
MP-1240,MechaPulse,PLANT_01,2026-03-11T00:05:00Z,MCH-002,LINE-A,2026-03-05T13:22:50Z,2026-03-05T13:23:50Z,TEMP_SPIKE,high,6.49,88.14,running,0.87,0.81,3.17,MP-FW-3.2,GW-A1
MP-1241,MechaPulse,PLANT_01,2026-03-11T00:05:00Z,MCH-008,LINE-B,2026-03-09T05:50:24Z,2026-03-09T05:53:24Z,TEMP_SPIKE,high,4.34,91.22,running,0.85,0.71,3.43,MP-FW-3.1,GW-A2
MP-1242,MechaPulse,PLANT_01,2026-03-11T00:05:00Z,MCH-008,LINE-B,2026-03-08T16:03:02Z,2026-03-08T16:09:02Z,TEMP_SPIKE,high,5.8,96.14,running,,1.0,10.59,MP-FW-2.9,GW-B1
MP-1243,MechaPulse,PLANT_01,2026-03-11T00:05:00Z,MCH-008,LINE-B,2026-03-07T08:40:58Z,2026-03-07T08:47:58Z,TEMP_SPIKE,critical,3.42,120.59,running,0.86,0.97,3.53,MP-FW-3.1,GW-B1
MP-1244,MechaPulse,PLANT_01,2026-03-11T00:05:00Z,MCH-004,LINE-B,2026-03-10T06:02:50Z,2026-03-10T06:08:50Z,TEMP_SPIKE,critical,5.8,114.49,running,0.81,0.92,1.51,MP-FW-3.1,GW-C1
MP-1245,MechaPulse,PLANT_01,2026-03-11T00:05:00Z,MCH-008,LINE-B,2026-03-03T12:10:43Z,2026-03-03T12:20:43Z,TEMP_SPIKE,critical,5.98,113.19,running,0.97,0.81,10.72,MP-FW-3.2,GW-B1
MP-1246,MechaPulse,PLANT_01,2026-03-11T00:05:00Z,MCH-006,LINE-C,2026-03-07T12:39:17Z,2026-03-07T12:43:17Z,NORMAL_READING,low,2.67,62.03,idle,0.88,0.92,11.0,MP-FW-3.2,GW-A1
MP-1247,MechaPulse,PLANT_01,2026-03-11T00:05:00Z,MCH-004,LINE-B,2026-03-07T03:51:02Z,2026-03-07T03:56:02Z,TEMP_SPIKE,high,4.84,99.78,running,1.0,0.72,6.72,MP-FW-3.1,GW-C1
MP-1248,MechaPulse,PLANT_01,2026-03-11T00:05:00Z,MCH-006,LINE-C,2026-03-07T03:39:02Z,2026-03-07T03:45:02Z,TEMP_SPIKE,high,,88.02,running,0.84,0.85,7.12,MP-FW-3.2,GW-A2
MP-1249,MechaPulse,PLANT_01,2026-03-11T00:05:00Z,MCH-008,LINE-B,2026-03-03T16:45:17Z,2026-03-03T16:51:17Z,TEMP_SPIKE,high,7.22,94.58,running,0.91,0.94,7.95,MP-FW-3.1,GW-B1
MP-1250,MechaPulse,PLANT_01,2026-03-11T00:05:00Z,MCH-004,LINE-B,2026-03-07T07:38:27Z,2026-03-07T08:08:27Z,TEMP_SPIKE,high,6.75,106.15,running,0.87,0.73,9.07,MP-FW-3.2,GW-B1
MP-1251,MechaPulse,PLANT_01,2026-03-11T00:05:00Z,MCH-008,LINE-B,2026-03-07T11:03:03Z,2026-03-07T11:05:03Z,TEMP_SPIKE,high,6.58,98.09,running,0.89,0.91,3.11,MP-FW-3.1,GW-C1
MP-1252,MechaPulse,PLANT_01,2026-03-11T00:05:00Z,MCH-002,LINE-A,2026-03-10T20:50:43Z,2026-03-10T20:56:43Z,TEMP_SPIKE,medium,3.75,91.96,running,0.66,0.77,3.44,MP-FW-2.9,GW-A2
MP-1253,MechaPulse,PLANT_01,2026-03-11T00:05:00Z,MCH-004,LINE-B,2026-03-08T06:55:51Z,2026-03-08T07:10:51Z,TEMP_SPIKE,high,3.86,99.9,running,0.74,0.96,3.27,MP-FW-3.2,GW-B1
MP-1254,MechaPulse,PLANT_01,2026-03-11T00:05:00Z,MCH-004,LINE-B,2026-03-06T22:15:28Z,2026-03-06T22:17:28Z,TEMP_SPIKE,high,7.36,106.22,running,0.92,0.89,0.81,MP-FW-3.2,GW-A1
MP-1255,MechaPulse,PLANT_01,2026-03-11T00:05:00Z,MCH-002,LINE-A,2026-03-08T00:46:09Z,2026-03-08T00:49:09Z,NORMAL_READING,low,3.1,66.21,running,0.84,0.86,11.22,MP-FW-2.9,GW-B1
MP-1256,MechaPulse,PLANT_01,2026-03-11T00:05:00Z,MCH-008,LINE-B,2026-03-02T12:53:44Z,2026-03-02T12:58:44Z,TEMP_SPIKE,critical,6.76,115.26,running,0.8,0.74,4.86,MP-FW-3.1,GW-B1
MP-1257,MechaPulse,PLANT_01,2026-03-11T00:05:00Z,MCH-002,LINE-A,2026-03-06T22:54:52Z,2026-03-06T23:02:52Z,TEMP_SPIKE,medium,4.8,101.61,running,1.0,0.85,6.39,MP-FW-3.1,GW-C1
MP-1258,MechaPulse,PLANT_01,2026-03-11T00:05:00Z,MCH-004,LINE-B,2026-03-05T23:21:25Z,2026-03-05T23:28:25Z,TEMP_SPIKE,medium,7.16,104.39,running,0.82,0.9,3.27,MP-FW-2.9,GW-B1
MP-1259,MechaPulse,PLANT_01,2026-03-11T00:05:00Z,MCH-006,LINE-C,2026-03-10T17:03:04Z,2026-03-10T17:04:04Z,NORMAL_READING,low,4.33,66.23,running,0.86,0.98,1.61,MP-FW-3.2,GW-A1
MP-1260,MechaPulse,PLANT_01,2026-03-11T00:05:00Z,MCH-002,LINE-A,2026-03-02T17:08:00Z,2026-03-02T17:09:00Z,TEMP_SPIKE,high,6.14,102.13,running,0.9,0.73,1.01,MP-FW-3.2,GW-A2
MP-1261,MechaPulse,PLANT_01,2026-03-11T00:05:00Z,MCH-002,LINE-A,2026-03-10T13:47:16Z,2026-03-10T13:48:16Z,TEMP_SPIKE,medium,7.77,103.11,running,0.88,1.0,4.6,MP-FW-3.2,GW-B1
MP-1262,MechaPulse,PLANT_01,2026-03-11T00:05:00Z,MCH-002,LINE-A,2026-03-09T06:51:02Z,2026-03-09T06:55:02Z,TEMP_SPIKE,critical,4.59,107.4,running,,0.79,6.81,MP-FW-3.2,GW-A2
MP-1263,MechaPulse,PLANT_01,2026-03-11T00:05:00Z,MCH-002,LINE-A,2026-03-01T11:28:37Z,2026-03-01T11:30:37Z,TEMP_SPIKE,critical,3.67,109.25,running,0.86,0.87,4.22,MP-FW-3.1,GW-A1
MP-1264,MechaPulse,PLANT_01,2026-03-11T00:05:00Z,MCH-002,LINE-A,2026-03-03T15:32:20Z,2026-03-03T15:39:20Z,TEMP_SPIKE,critical,6.45,98.21,running,0.91,0.74,3.53,MP-FW-2.9,GW-C1
MP-1265,MechaPulse,PLANT_01,2026-03-11T00:05:00Z,MCH-002,LINE-A,2026-03-03T02:57:34Z,2026-03-03T03:00:34Z,TEMP_SPIKE,high,5.0,102.03,running,0.95,0.74,0.21,MP-FW-2.9,GW-C1
MP-1266,MechaPulse,PLANT_01,2026-03-11T00:05:00Z,MCH-008,LINE-B,2026-03-01T05:06:39Z,2026-03-01T05:13:39Z,TEMP_SPIKE,high,5.99,91.63,running,0.86,0.7,4.83,MP-FW-3.2,GW-A1
MP-1267,MechaPulse,PLANT_01,2026-03-11T00:05:00Z,MCH-002,LINE-A,2026-03-08T11:55:04Z,2026-03-08T12:02:04Z,NORMAL_READING,low,3.52,63.36,running,0.84,0.84,7.05,MP-FW-3.1,GW-A1
MP-1268,MechaPulse,PLANT_01,2026-03-11T00:05:00Z,MCH-001,LINE-A,2026-03-03T08:59:41Z,2026-03-03T09:06:41Z,TEMP_SPIKE,high,8.52,91.07,running,0.77,0.87,8.5,MP-FW-3.2,GW-A1
MP-1269,MechaPulse,PLANT_01,2026-03-11T00:05:00Z,MCH-001,LINE-A,2026-03-06T21:51:06Z,2026-03-06T21:54:06Z,TEMP_SPIKE,medium,5.49,88.7,running,0.92,0.95,7.82,MP-FW-2.9,GW-C1
MP-1270,MechaPulse,PLANT_01,2026-03-11T00:05:00Z,MCH-004,LINE-B,2026-03-02T21:33:50Z,2026-03-02T21:39:50Z,TEMP_SPIKE,medium,4.0,93.8,running,0.83,0.74,7.36,MP-FW-2.9,GW-B1
MP-1271,MechaPulse,PLANT_01,2026-03-11T00:05:00Z,MCH-008,LINE-B,2026-02-28T21:00:00Z,2026-03-07T09:53:34Z,TEMP_SPIKE,medium,4.37,101.36,running,0.88,0.75,3.61,MP-FW-3.2,GW-A2
MP-1272,MechaPulse,PLANT_01,2026-03-11T00:05:00Z,MCH-002,LINE-A,2026-03-04T13:59:01Z,2026-03-04T14:01:01Z,TEMP_SPIKE,critical,7.38,95.91,running,0.78,0.83,2.83,MP-FW-3.2,GW-A1
MP-1273,MechaPulse,PLANT_01,2026-03-11T00:05:00Z,MCH-008,LINE-B,2026-03-07T11:23:58Z,2026-03-07T11:25:58Z,TEMP_SPIKE,medium,5.55,86.43,running,0.89,0.78,0.83,MP-FW-3.2,GW-B1
MP-1274,MechaPulse,PLANT_01,2026-03-11T00:05:00Z,MCH-004,LINE-B,2026-03-05T22:35:26Z,2026-03-06T10:35:26Z,TEMP_SPIKE,medium,6.58,92.86,running,0.82,0.73,5.88,MP-FW-3.1,GW-A2
MP-1275,MechaPulse,PLANT_01,2026-03-11T00:05:00Z,MCH-002,LINE-A,2026-03-09T07:46:25Z,2026-03-09T08:01:25Z,TEMP_SPIKE,critical,5.18,106.81,running,0.75,0.91,5.87,MP-FW-2.9,GW-A2
MP-1276,MechaPulse,PLANT_01,2026-03-11T00:05:00Z,MCH-004,LINE-B,2026-03-06T11:19:35Z,2026-03-06T11:23:35Z,TEMP_SPIKE,medium,3.48,96.66,running,0.92,0.97,1.47,MP-FW-3.2,GW-C1
MP-1277,MechaPulse,PLANT_01,2026-03-11T00:05:00Z,MCH-006,LINE-C,2026-03-03T04:00:20Z,2026-03-03T04:08:20Z,TEMP_SPIKE,high,5.51,95.26,running,0.8,1.0,1.96,MP-FW-2.9,GW-A1
MP-1278,MechaPulse,PLANT_01,2026-03-11T00:05:00Z,MCH-002,LINE-A,2026-03-01T14:53:15Z,2026-03-01T14:55:15Z,TEMP_SPIKE,critical,8.69,102.63,running,0.89,0.82,6.37,MP-FW-3.2,GW-C1
MP-1279,MechaPulse,PLANT_01,2026-03-11T00:05:00Z,MCH-008,LINE-B,2026-03-02T14:35:44Z,2026-03-02T14:36:44Z,TEMP_SPIKE,critical,5.04,102.92,running,0.96,0.77,0.29,MP-FW-3.2,GW-B1
MP-1280,MechaPulse,PLANT_01,2026-03-11T00:05:00Z,MCH-008,LINE-B,2026-03-08T12:15:23Z,2026-03-08T12:17:23Z,TEMP_SPIKE,medium,8.99,97.44,running,0.85,0.78,11.12,MP-FW-2.9,GW-A1
MP-1281,MechaPulse,PLANT_01,2026-03-11T00:05:00Z,MCH-002,LINE-A,2026-03-07T00:33:19Z,2026-03-07T00:38:19Z,NORMAL_READING,low,3.39,60.85,idle,0.81,0.95,0.53,MP-FW-2.9,GW-B1
MP-1282,MechaPulse,PLANT_01,2026-03-11T00:05:00Z,MCH-002,LINE-A,2026-03-04T21:19:57Z,2026-03-04T21:23:57Z,TEMP_SPIKE,high,5.42,93.86,running,0.73,1.0,5.28,MP-FW-3.1,GW-A2
MP-1283,MechaPulse,PLANT_01,2026-03-11T00:05:00Z,MCH-008,LINE-B,2026-03-07T14:39:34Z,2026-03-07T14:42:34Z,TEMP_SPIKE,critical,6.79,96.63,running,0.83,0.99,1.99,MP-FW-3.1,GW-A1
MP-1284,MechaPulse,PLANT_01,2026-03-11T00:05:00Z,MCH-002,LINE-A,2026-03-10T13:14:56Z,2026-03-10T13:19:56Z,NORMAL_READING,low,3.62,49.7,running,0.95,0.82,7.17,MP-FW-2.9,GW-A2
MP-1285,MechaPulse,PLANT_01,2026-03-11T00:05:00Z,MCH-008,LINE-B,2026-03-03T15:03:43Z,2026-03-03T15:09:43Z,TEMP_SPIKE,medium,4.25,103.08,running,0.79,0.86,4.82,MP-FW-3.1,GW-B1
MP-1286,MechaPulse,PLANT_01,2026-03-11T00:05:00Z,MCH-001,LINE-A,2026-03-03T12:46:47Z,2026-03-03T12:54:47Z,TEMP_SPIKE,critical,8.49,107.25,running,1.0,0.93,7.07,MP-FW-3.2,GW-B1
MP-1287,MechaPulse,PLANT_01,2026-03-11T00:05:00Z,MCH-006,LINE-C,2026-03-09T10:44:36Z,2026-03-09T10:45:36Z,TEMP_SPIKE,critical,4.23,100.73,running,0.92,0.85,4.58,MP-FW-2.9,GW-A1
MP-1288,MechaPulse,PLANT_01,2026-03-11T00:05:00Z,MCH-002,LINE-A,2026-03-06T00:01:25Z,2026-03-06T00:04:25Z,TEMP_SPIKE,high,5.99,91.13,running,0.91,0.91,6.82,MP-FW-2.9,GW-A2
MP-1289,MechaPulse,PLANT_01,2026-03-11T00:05:00Z,MCH-006,LINE-C,2026-03-04T16:19:28Z,2026-03-04T16:24:28Z,TEMP_SPIKE,medium,6.72,103.23,running,0.87,0.77,1.23,MP-FW-2.9,GW-C1
MP-1290,MechaPulse,PLANT_01,2026-03-11T00:05:00Z,MCH-008,LINE-B,2026-03-01T23:17:33Z,2026-03-01T23:24:33Z,TEMP_SPIKE,critical,3.69,115.07,running,0.68,0.82,2.03,MP-FW-3.1,GW-A2
MP-1291,MechaPulse,PLANT_01,2026-03-11T00:05:00Z,MCH-004,LINE-B,2026-03-01T14:00:26Z,2026-03-01T14:03:26Z,TEMP_SPIKE,high,,105.56,running,,0.89,5.83,MP-FW-3.1,GW-C1
MP-1292,MechaPulse,PLANT_01,2026-03-11T00:05:00Z,MCH-002,LINE-A,2026-03-07T16:47:42Z,2026-03-07T16:51:42Z,TEMP_SPIKE,high,3.77,98.91,running,1.0,0.85,7.74,MP-FW-2.9,GW-B1
MP-1293,MechaPulse,PLANT_01,2026-03-11T00:05:00Z,MCH-006,LINE-C,2026-03-01T23:56:03Z,2026-03-01T23:59:03Z,TEMP_SPIKE,medium,4.93,97.87,running,0.83,0.72,3.85,MP-FW-3.2,GW-A1
MP-1294,MechaPulse,PLANT_01,2026-03-11T00:05:00Z,MCH-004,LINE-B,2026-03-10T14:16:35Z,2026-03-10T14:20:35Z,TEMP_SPIKE,medium,5.57,99.11,running,0.86,0.76,11.36,MP-FW-3.2,GW-B1
MP-1295,MechaPulse,PLANT_01,2026-03-11T00:05:00Z,MCH-006,LINE-C,2026-03-10T15:30:20Z,2026-03-10T15:33:20Z,NORMAL_READING,low,4.76,58.34,running,0.77,0.82,5.45,MP-FW-3.1,GW-A2
MP-1296,MechaPulse,PLANT_01,2026-03-11T00:05:00Z,MCH-004,LINE-B,2026-03-05T17:13:26Z,2026-03-05T17:18:26Z,TEMP_SPIKE,medium,4.77,102.65,running,0.87,0.83,1.49,MP-FW-3.2,GW-B1
MP-1297,MechaPulse,PLANT_01,2026-03-11T00:05:00Z,MCH-006,LINE-C,2026-03-07T11:21:39Z,2026-03-07T11:22:39Z,TEMP_SPIKE,medium,6.84,106.67,running,0.96,0.79,3.99,MP-FW-3.2,GW-A1
MP-1298,MechaPulse,PLANT_01,2026-03-11T00:05:00Z,MCH-004,LINE-B,2026-03-04T09:44:36Z,2026-03-04T09:50:36Z,TEMP_SPIKE,critical,4.91,101.13,running,0.98,0.86,6.24,MP-FW-3.1,GW-C1
MP-1299,MechaPulse,PLANT_01,2026-03-11T00:05:00Z,MCH-002,LINE-A,2026-03-02T07:54:55Z,2026-03-02T07:58:55Z,TEMP_SPIKE,high,5.41,90.99,running,0.96,0.86,4.43,MP-FW-3.1,GW-A2
MP-1300,MechaPulse,PLANT_01,2026-03-11T00:05:00Z,MCH-004,LINE-B,2026-03-06T01:10:32Z,2026-03-06T01:15:32Z,TEMP_SPIKE,medium,6.85,83.6,running,0.92,0.92,7.85,MP-FW-3.1,GW-A2
MP-1301,MechaPulse,PLANT_01,2026-03-11T00:05:00Z,MCH-008,LINE-B,2026-03-06T05:26:24Z,2026-03-06T05:28:24Z,TEMP_SPIKE,critical,6.32,105.76,running,0.87,0.87,0.45,MP-FW-3.2,GW-A2
MP-1302,MechaPulse,PLANT_01,2026-03-11T00:05:00Z,MCH-006,LINE-C,2026-03-03T04:34:18Z,2026-03-03T04:36:18Z,TEMP_SPIKE,high,3.1,93.92,running,0.85,0.77,3.8,MP-FW-3.1,GW-B1
MP-1303,MechaPulse,PLANT_01,2026-03-11T00:05:00Z,MCH-008,LINE-B,2026-03-02T22:46:04Z,2026-03-02T22:47:04Z,TEMP_SPIKE,high,4.7,92.44,running,0.84,0.86,6.9,MP-FW-2.9,GW-C1
MP-1304,MechaPulse,PLANT_01,2026-03-11T00:05:00Z,MCH-008,LINE-B,2026-03-04T13:19:21Z,2026-03-04T13:27:21Z,TEMP_SPIKE,medium,5.25,87.3,running,0.67,0.78,3.71,MP-FW-2.9,GW-C1
MP-1305,MechaPulse,PLANT_01,2026-03-11T00:05:00Z,MCH-006,LINE-C,2026-03-03T13:06:09Z,2026-03-03T13:12:09Z,TEMP_SPIKE,critical,5.72,113.7,running,0.95,1.0,2.13,MP-FW-3.2,GW-A2
MP-1306,MechaPulse,PLANT_01,2026-03-11T00:05:00Z,MCH-006,LINE-C,2026-03-05T14:46:52Z,2026-03-05T14:53:52Z,TEMP_SPIKE,critical,6.21,102.9,running,0.8,0.7,0.95,MP-FW-3.1,GW-C1
MP-1307,MechaPulse,PLANT_01,2026-03-11T00:05:00Z,MCH-004,LINE-B,2026-03-05T22:52:36Z,2026-03-05T23:00:36Z,TEMP_SPIKE,high,4.67,94.78,running,0.86,0.81,3.68,MP-FW-3.2,GW-A1
MP-1308,MechaPulse,PLANT_01,2026-03-11T00:05:00Z,MCH-008,LINE-B,2026-03-08T19:11:52Z,2026-03-08T19:14:52Z,TEMP_SPIKE,critical,6.01,102.2,running,,0.85,1.89,MP-FW-2.9,GW-B1
MP-1309,MechaPulse,PLANT_01,2026-03-11T00:05:00Z,MCH-006,LINE-C,2026-03-07T13:48:28Z,2026-03-07T13:54:28Z,NORMAL_READING,low,2.8,72.15,idle,0.82,1.0,9.83,MP-FW-3.1,GW-B1
MP-1310,MechaPulse,PLANT_01,2026-03-11T00:05:00Z,MCH-004,LINE-B,2026-03-01T14:30:00Z,2026-03-01T15:00:00Z,TEMP_SPIKE,critical,1.67,101.87,running,0.93,0.89,6.36,MP-FW-2.9,GW-A2
MP-1311,MechaPulse,PLANT_01,2026-03-11T00:05:00Z,MCH-006,LINE-C,2026-03-03T03:23:35Z,2026-03-03T03:26:35Z,TEMP_SPIKE,high,6.64,,running,0.82,0.88,5.14,MP-FW-3.1,GW-A1
MP-1312,MechaPulse,PLANT_01,2026-03-11T00:05:00Z,MCH-002,LINE-A,2026-03-10T04:04:26Z,2026-03-10T04:12:26Z,TEMP_SPIKE,critical,4.46,104.14,running,,0.95,8.46,MP-FW-2.9,GW-B1
MP-1313,MechaPulse,PLANT_01,2026-03-11T00:05:00Z,MCH-006,LINE-C,2026-03-07T05:08:36Z,2026-03-07T05:11:36Z,TEMP_SPIKE,medium,3.53,92.11,running,0.95,0.91,6.04,MP-FW-2.9,GW-A1
MP-1314,MechaPulse,PLANT_01,2026-03-11T00:05:00Z,MCH-002,LINE-A,2026-03-08T04:12:47Z,2026-03-08T04:27:47Z,TEMP_SPIKE,critical,,112.01,running,0.9,0.76,3.95,MP-FW-3.2,GW-B1
MP-1315,MechaPulse,PLANT_01,2026-03-11T00:05:00Z,MCH-002,LINE-A,2026-03-01T09:38:44Z,2026-03-01T09:41:44Z,TEMP_SPIKE,critical,5.79,98.33,running,0.85,0.83,5.68,MP-FW-3.1,GW-A1
MP-1316,MechaPulse,PLANT_01,2026-03-11T00:05:00Z,MCH-004,LINE-B,2026-03-04T03:52:16Z,2026-03-04T03:55:16Z,TEMP_SPIKE,medium,4.84,92.8,running,0.87,1.0,2.24,MP-FW-2.9,GW-A1
MP-1317,MechaPulse,PLANT_01,2026-03-11T00:05:00Z,MCH-006,LINE-C,2026-03-01T23:02:09Z,2026-03-01T23:06:09Z,TEMP_SPIKE,critical,6.65,106.6,running,0.63,0.85,0.81,MP-FW-3.2,GW-A1
MP-1318,MechaPulse,PLANT_01,2026-03-11T00:05:00Z,MCH-002,LINE-A,2026-03-06T06:42:25Z,2026-03-06T06:49:25Z,TEMP_SPIKE,high,4.96,105.42,running,,0.72,5.27,MP-FW-2.9,GW-B1
MP-1319,MechaPulse,PLANT_01,2026-03-11T00:05:00Z,MCH-001,LINE-A,2026-03-08T18:28:02Z,2026-03-08T18:33:02Z,TEMP_SPIKE,medium,7.78,91.78,running,0.96,0.81,8.94,MP-FW-2.9,GW-A2
MP-1320,MechaPulse,PLANT_01,2026-03-11T00:05:00Z,MCH-008,LINE-B,2026-03-07T16:45:49Z,2026-03-07T16:46:49Z,TEMP_SPIKE,medium,,94.87,running,0.95,0.84,2.68,MP-FW-3.2,GW-B1
MP-1321,MechaPulse,PLANT_01,2026-03-11T00:05:00Z,MCH-002,LINE-A,2026-03-01T06:28:39Z,2026-03-01T06:30:39Z,TEMP_SPIKE,medium,7.81,98.82,running,0.92,0.8,10.37,MP-FW-2.9,GW-A2
MP-1322,MechaPulse,PLANT_01,2026-03-11T00:05:00Z,MCH-004,LINE-B,2026-03-08T21:57:11Z,2026-03-08T22:04:11Z,TEMP_SPIKE,high,5.15,104.48,running,0.96,0.89,3.33,MP-FW-3.1,GW-C1
MP-1323,MechaPulse,PLANT_01,2026-03-11T00:05:00Z,MCH-006,LINE-C,2026-03-01T16:24:16Z,2026-03-01T16:32:16Z,TEMP_SPIKE,high,6.07,98.05,running,0.93,0.83,5.19,MP-FW-3.2,GW-A1
MP-1324,MechaPulse,PLANT_01,2026-03-11T00:05:00Z,MCH-002,LINE-A,2026-03-01T19:13:36Z,2026-03-01T19:14:36Z,TEMP_SPIKE,critical,5.79,114.52,running,0.92,0.81,6.02,MP-FW-3.2,GW-C1
MP-1325,MechaPulse,PLANT_01,2026-03-11T00:05:00Z,MCH-006,LINE-C,2026-03-10T14:28:46Z,2026-03-10T14:34:46Z,TEMP_SPIKE,medium,5.67,95.88,running,1.0,0.79,4.33,MP-FW-3.2,GW-A1
MP-1326,MechaPulse,PLANT_01,2026-03-11T00:05:00Z,MCH-004,LINE-B,2026-03-09T15:39:49Z,2026-03-09T15:46:49Z,TEMP_SPIKE,high,5.2,93.0,running,0.96,0.86,8.51,MP-FW-3.1,GW-A1
MP-1327,MechaPulse,PLANT_01,2026-03-11T00:05:00Z,MCH-002,LINE-A,2026-03-09T04:32:37Z,2026-03-09T04:33:37Z,NORMAL_READING,low,4.67,64.89,running,0.67,0.84,9.32,MP-FW-2.9,GW-C1
MP-1328,MechaPulse,PLANT_01,2026-03-11T00:05:00Z,MCH-001,LINE-A,2026-03-10T21:37:55Z,2026-03-11T09:37:55Z,TEMP_SPIKE,critical,7.05,114.36,running,0.9,0.83,0.36,MP-FW-2.9,GW-A1
MP-1329,MechaPulse,PLANT_01,2026-03-11T00:05:00Z,MCH-004,LINE-B,2026-03-10T08:06:50Z,2026-03-10T09:06:50Z,TEMP_SPIKE,medium,4.86,97.0,running,0.76,0.74,9.65,MP-FW-2.9,GW-C1
MP-1330,MechaPulse,PLANT_01,2026-03-11T00:05:00Z,MCH-006,LINE-C,2026-03-08T18:48:36Z,2026-03-08T18:50:36Z,TEMP_SPIKE,high,7.27,86.88,running,0.89,0.71,2.95,MP-FW-2.9,GW-A1
MP-1331,MechaPulse,PLANT_01,2026-03-11T00:05:00Z,MCH-002,LINE-A,2026-03-10T00:00:54Z,2026-03-10T00:02:54Z,TEMP_SPIKE,high,5.85,94.95,running,0.87,0.84,5.58,MP-FW-3.1,GW-A2
MP-1332,MechaPulse,PLANT_01,2026-03-11T00:05:00Z,MCH-002,LINE-A,2026-03-04T01:59:33Z,2026-03-04T02:07:33Z,TEMP_SPIKE,high,2.59,103.43,running,0.86,0.82,6.5,MP-FW-3.1,GW-A1
MP-1333,MechaPulse,PLANT_01,2026-03-11T00:05:00Z,MCH-001,LINE-A,2026-03-02T02:07:39Z,2026-03-02T02:11:39Z,TEMP_SPIKE,high,8.86,82.6,running,0.79,0.83,5.56,MP-FW-3.1,GW-A2
MP-1334,MechaPulse,PLANT_01,2026-03-11T00:05:00Z,MCH-008,LINE-B,2026-03-01T11:46:03Z,2026-03-01T11:54:03Z,TEMP_SPIKE,critical,5.08,111.1,running,0.88,0.98,5.68,MP-FW-3.1,GW-A1
MP-1335,MechaPulse,PLANT_01,2026-03-11T00:05:00Z,MCH-004,LINE-B,2026-03-09T04:59:28Z,2026-03-09T05:01:28Z,TEMP_SPIKE,critical,4.34,105.0,running,0.88,0.63,2.69,MP-FW-3.2,GW-C1
MP-1336,MechaPulse,PLANT_01,2026-03-11T00:05:00Z,MCH-002,LINE-A,2026-03-05T23:01:09Z,2026-03-05T23:07:09Z,TEMP_SPIKE,medium,7.38,93.11,running,0.85,0.88,1.74,MP-FW-3.2,GW-C1
MP-1337,MechaPulse,PLANT_01,2026-03-11T00:05:00Z,MCH-006,LINE-C,2026-03-09T15:37:21Z,2026-03-09T15:41:21Z,NORMAL_READING,low,1.86,55.58,idle,1.0,0.78,9.66,MP-FW-3.2,GW-A1
MP-1338,MechaPulse,PLANT_01,2026-03-11T00:05:00Z,MCH-008,LINE-B,2026-03-09T09:01:55Z,2026-03-09T09:02:55Z,TEMP_SPIKE,medium,5.82,102.4,running,0.91,1.0,5.01,MP-FW-3.2,GW-C1
MP-1339,MechaPulse,PLANT_01,2026-03-11T00:05:00Z,MCH-004,LINE-B,2026-03-08T22:13:52Z,2026-03-08T22:17:52Z,TEMP_SPIKE,medium,4.67,97.31,running,0.87,0.83,3.64,MP-FW-2.9,GW-C1
MP-1340,MechaPulse,PLANT_01,2026-03-11T00:05:00Z,MCH-004,LINE-B,2026-03-09T12:03:37Z,2026-03-09T12:09:37Z,TEMP_SPIKE,medium,7.57,,running,0.96,0.96,8.01,MP-FW-2.9,GW-A1
MP-1341,MechaPulse,PLANT_01,2026-03-11T00:05:00Z,MCH-002,LINE-A,2026-03-09T13:35:17Z,2026-03-09T13:36:17Z,TEMP_SPIKE,critical,3.05,105.19,running,0.89,0.8,5.46,MP-FW-3.1,GW-B1
MP-1342,MechaPulse,PLANT_01,2026-03-11T00:05:00Z,MCH-006,LINE-C,2026-03-08T08:59:35Z,2026-03-08T09:59:35Z,TEMP_SPIKE,critical,5.53,104.07,running,0.94,0.83,8.8,MP-FW-3.2,GW-B1
MP-1343,MechaPulse,PLANT_01,2026-03-11T00:05:00Z,MCH-004,LINE-B,2026-03-06T17:30:43Z,2026-03-06T17:32:43Z,TEMP_SPIKE,high,5.7,98.14,running,0.83,0.94,4.36,MP-FW-2.9,GW-A1
MP-1344,MechaPulse,PLANT_01,2026-03-11T00:05:00Z,MCH-002,LINE-A,2026-03-06T05:01:05Z,2026-03-06T05:03:05Z,TEMP_SPIKE,medium,5.02,98.39,running,0.91,0.83,3.51,MP-FW-2.9,GW-A2
MP-1345,MechaPulse,PLANT_01,2026-03-11T00:05:00Z,MCH-006,LINE-C,2026-03-05T18:43:28Z,2026-03-05T18:49:28Z,TEMP_SPIKE,critical,4.98,104.07,running,1.0,0.92,8.07,MP-FW-2.9,GW-C1
MP-1346,MechaPulse,PLANT_01,2026-03-11T00:05:00Z,MCH-006,LINE-C,2026-03-07T10:53:08Z,2026-03-07T10:54:08Z,TEMP_SPIKE,high,6.39,100.1,running,0.67,0.87,6.25,MP-FW-3.1,GW-A2
MP-1347,MechaPulse,PLANT_01,2026-03-11T00:05:00Z,MCH-004,LINE-B,2026-03-08T21:11:57Z,2026-03-08T21:19:57Z,TEMP_SPIKE,critical,6.06,104.58,running,1.0,1.0,4.09,MP-FW-3.2,GW-C1
MP-1348,MechaPulse,PLANT_01,2026-03-11T00:05:00Z,MCH-008,LINE-B,2026-03-02T20:23:34Z,2026-03-02T20:29:34Z,TEMP_SPIKE,high,6.06,96.93,running,1.0,0.77,3.54,MP-FW-3.2,GW-A2
MP-1349,MechaPulse,PLANT_01,2026-03-11T00:05:00Z,MCH-004,LINE-B,2026-03-09T06:56:58Z,2026-03-09T06:58:58Z,TEMP_SPIKE,high,5.39,98.49,running,0.86,0.84,0.82,MP-FW-2.9,GW-A2
MP-1350,MechaPulse,PLANT_01,2026-03-11T00:05:00Z,MCH-008,LINE-B,2026-03-03T12:39:50Z,2026-03-03T12:46:50Z,TEMP_SPIKE,high,6.02,98.36,running,0.95,0.72,4.28,MP-FW-3.1,GW-C1
MP-1351,MechaPulse,PLANT_01,2026-03-11T00:05:00Z,MCH-006,LINE-C,2026-03-05T05:48:00Z,2026-03-05T05:56:00Z,TEMP_SPIKE,high,5.03,100.26,running,0.78,0.88,10.34,MP-FW-2.9,GW-C1
MP-1352,MechaPulse,PLANT_01,2026-03-11T00:05:00Z,MCH-002,LINE-A,2026-03-07T16:20:38Z,2026-03-07T16:27:38Z,NORMAL_READING,low,2.32,78.92,idle,0.91,0.84,8.23,MP-FW-3.1,GW-A2
MP-1353,MechaPulse,PLANT_01,2026-03-11T00:05:00Z,MCH-002,LINE-A,2026-03-05T08:14:18Z,2026-03-05T08:22:18Z,TEMP_SPIKE,critical,2.83,108.66,running,0.85,0.97,7.39,MP-FW-3.1,GW-B1
MP-1354,MechaPulse,PLANT_01,2026-03-11T00:05:00Z,MCH-006,LINE-C,2026-03-06T14:19:58Z,2026-03-06T14:25:58Z,TEMP_SPIKE,critical,5.56,106.86,running,0.89,0.72,8.04,MP-FW-3.1,GW-B1
MP-1355,MechaPulse,PLANT_01,2026-03-11T00:05:00Z,MCH-006,LINE-C,2026-03-07T13:05:01Z,2026-03-07T13:06:01Z,TEMP_SPIKE,medium,5.02,94.34,running,0.76,0.88,6.18,MP-FW-3.1,GW-A2
MP-1356,MechaPulse,PLANT_01,2026-03-11T00:05:00Z,MCH-004,LINE-B,2026-03-03T02:02:48Z,2026-03-03T02:07:48Z,TEMP_SPIKE,medium,5.01,93.89,running,0.85,0.92,1.82,MP-FW-3.1,GW-B1
MP-1357,MechaPulse,PLANT_01,2026-03-11T00:05:00Z,MCH-006,LINE-C,2026-03-06T12:24:26Z,2026-03-06T12:26:26Z,TEMP_SPIKE,high,6.64,94.29,running,0.9,,4.13,MP-FW-2.9,GW-B1
MP-1358,MechaPulse,PLANT_01,2026-03-11T00:05:00Z,MCH-002,LINE-A,2026-03-06T00:40:56Z,2026-03-06T00:42:56Z,TEMP_SPIKE,critical,1.61,105.7,running,0.91,0.92,1.67,MP-FW-3.1,GW-C1
MP-1359,MechaPulse,PLANT_01,2026-03-11T00:05:00Z,MCH-008,LINE-B,2026-03-09T22:05:07Z,2026-03-10T10:05:07Z,TEMP_SPIKE,medium,7.63,96.81,running,0.83,0.87,7.74,MP-FW-3.1,GW-A1
MP-1360,MechaPulse,PLANT_01,2026-03-11T00:05:00Z,MCH-012,LINE-B,2026-03-03T08:05:37Z,2026-03-03T08:11:37Z,POWER_DRAW_ANOMALY,medium,7.49,86.68,running,0.96,0.97,0.97,MP-FW-2.9,GW-A1
MP-1361,MechaPulse,PLANT_01,2026-03-11T00:05:00Z,MCH-002,LINE-A,2026-03-09T03:27:12Z,2026-03-09T03:35:12Z,POWER_DRAW_ANOMALY,medium,9.03,72.53,degraded,0.93,0.88,4.21,MP-FW-3.2,GW-C1
MP-1362,MechaPulse,PLANT_01,2026-03-11T00:05:00Z,MCH-004,LINE-B,2026-03-03T14:08:26Z,2026-03-03T14:13:26Z,POWER_DRAW_ANOMALY,medium,6.75,71.2,running,0.91,0.87,6.98,MP-FW-3.2,GW-C1
MP-1363,MechaPulse,PLANT_01,2026-03-11T00:05:00Z,MCH-004,LINE-B,2026-03-05T15:12:18Z,2026-03-06T03:12:18Z,POWER_DRAW_ANOMALY,high,6.94,82.17,running,0.95,0.8,1.82,MP-FW-3.2,GW-A1
MP-1364,MechaPulse,PLANT_01,2026-03-11T00:05:00Z,MCH-010,LINE-C,2026-03-02T22:04:04Z,2026-03-02T22:11:04Z,POWER_DRAW_ANOMALY,high,8.76,77.73,degraded,0.93,0.76,9.12,MP-FW-2.9,GW-C1
MP-1365,MechaPulse,PLANT_01,2026-03-11T00:05:00Z,MCH-008,LINE-B,2026-03-08T14:02:38Z,2026-03-08T14:10:38Z,POWER_DRAW_ANOMALY,high,9.46,78.16,running,0.88,0.79,5.83,MP-FW-3.1,GW-A2
MP-1366,MechaPulse,PLANT_01,2026-03-11T00:05:00Z,MCH-008,LINE-B,2026-03-08T17:28:20Z,2026-03-08T17:36:20Z,POWER_DRAW_ANOMALY,medium,5.51,90.89,running,0.83,0.74,9.91,MP-FW-2.9,GW-A1
MP-1367,MechaPulse,PLANT_01,2026-03-11T00:05:00Z,MCH-012,LINE-B,2026-03-01T08:37:27Z,2026-03-01T20:37:27Z,POWER_DRAW_ANOMALY,medium,5.05,84.22,running,0.86,0.85,8.29,MP-FW-3.2,GW-A1
MP-1368,MechaPulse,PLANT_01,2026-03-11T00:05:00Z,MCH-002,LINE-A,2026-03-06T13:57:42Z,2026-03-06T14:04:42Z,POWER_DRAW_ANOMALY,high,1.94,81.66,degraded,0.94,0.87,0.71,MP-FW-3.2,GW-B1
MP-1369,MechaPulse,PLANT_01,2026-03-11T00:05:00Z,MCH-010,LINE-C,2026-03-07T15:27:01Z,2026-03-07T15:31:01Z,POWER_DRAW_ANOMALY,high,4.74,85.49,running,0.86,0.86,4.01,MP-FW-3.1,GW-B1
MP-1370,MechaPulse,PLANT_01,2026-03-11T00:05:00Z,MCH-004,LINE-B,2026-03-08T11:36:55Z,2026-03-08T11:51:55Z,POWER_DRAW_ANOMALY,high,1.9,70.97,running,0.97,0.85,7.83,MP-FW-3.2,GW-C1
MP-1371,MechaPulse,PLANT_01,2026-03-11T00:05:00Z,MCH-002,LINE-A,2026-03-09T16:52:42Z,2026-03-09T18:52:42Z,NORMAL_READING,low,2.63,66.86,running,0.74,0.64,7.26,MP-FW-3.1,GW-A1
MP-1372,MechaPulse,PLANT_01,2026-03-11T00:05:00Z,MCH-002,LINE-A,2026-03-04T02:38:04Z,2026-03-04T02:45:04Z,POWER_DRAW_ANOMALY,high,4.61,82.68,running,0.84,0.77,7.79,MP-FW-2.9,GW-A2
MP-1373,MechaPulse,PLANT_01,2026-03-11T00:05:00Z,MCH-012,LINE-B,2026-03-08T03:26:45Z,2026-03-08T03:33:45Z,POWER_DRAW_ANOMALY,medium,5.13,76.11,degraded,0.94,0.81,2.92,MP-FW-2.9,GW-B1
MP-1374,MechaPulse,PLANT_01,2026-03-11T00:05:00Z,MCH-010,LINE-C,2026-03-05T16:01:20Z,2026-03-05T16:05:20Z,POWER_DRAW_ANOMALY,medium,3.51,66.02,running,0.93,0.71,5.45,MP-FW-2.9,GW-C1
MP-1375,MechaPulse,PLANT_01,2026-03-11T00:05:00Z,MCH-008,LINE-B,2026-03-01T10:06:12Z,2026-03-01T10:14:12Z,POWER_DRAW_ANOMALY,medium,6.52,81.17,running,0.85,0.79,0.92,MP-FW-3.2,GW-B1
MP-1376,MechaPulse,PLANT_01,2026-03-11T00:05:00Z,MCH-002,LINE-A,2026-03-02T00:39:25Z,2026-03-02T00:44:25Z,POWER_DRAW_ANOMALY,medium,6.87,90.66,degraded,0.97,0.79,9.61,MP-FW-2.9,GW-C1
MP-1377,MechaPulse,PLANT_01,2026-03-11T00:05:00Z,MCH-010,LINE-C,2026-03-09T11:09:15Z,2026-03-09T11:10:15Z,POWER_DRAW_ANOMALY,high,6.83,83.19,running,0.96,0.82,7.91,MP-FW-3.2,GW-A2
MP-1378,MechaPulse,PLANT_01,2026-03-11T00:05:00Z,MCH-008,LINE-B,2026-03-09T03:25:23Z,2026-03-09T03:26:23Z,POWER_DRAW_ANOMALY,high,12.81,82.1,degraded,1.0,0.88,11.03,MP-FW-3.2,GW-A1
MP-1379,MechaPulse,PLANT_01,2026-03-11T00:05:00Z,MCH-002,LINE-A,2026-03-03T16:32:54Z,2026-03-03T16:36:54Z,POWER_DRAW_ANOMALY,high,2.58,91.73,running,1.0,0.74,9.38,MP-FW-2.9,GW-C1
MP-1380,MechaPulse,PLANT_01,2026-03-11T00:05:00Z,MCH-010,LINE-C,2026-03-04T02:49:55Z,2026-03-04T02:56:55Z,POWER_DRAW_ANOMALY,medium,9.13,59.84,running,0.87,0.61,4.18,MP-FW-2.9,GW-B1
MP-1381,MechaPulse,PLANT_01,2026-03-11T00:05:00Z,MCH-008,LINE-B,2026-03-01T07:28:48Z,2026-03-01T07:33:48Z,POWER_DRAW_ANOMALY,medium,5.64,74.55,running,0.89,0.79,9.59,MP-FW-3.1,GW-C1
MP-1382,MechaPulse,PLANT_01,2026-03-11T00:05:00Z,MCH-010,LINE-C,2026-03-04T15:13:28Z,2026-03-04T15:17:28Z,POWER_DRAW_ANOMALY,high,7.5,75.56,running,0.82,0.67,6.65,MP-FW-3.1,GW-A1
MP-1383,MechaPulse,PLANT_01,2026-03-11T00:05:00Z,MCH-012,LINE-B,2026-03-08T08:42:39Z,2026-03-08T12:42:39Z,POWER_DRAW_ANOMALY,medium,12.01,65.56,running,0.87,1.0,1.53,MP-FW-2.9,GW-C1
MP-1384,MechaPulse,PLANT_01,2026-03-11T00:05:00Z,MCH-010,LINE-C,2026-03-06T03:53:52Z,2026-03-06T04:01:52Z,POWER_DRAW_ANOMALY,high,9.39,88.64,running,1.0,0.78,8.41,MP-FW-3.1,GW-C1
MP-1385,MechaPulse,PLANT_01,2026-03-11T00:05:00Z,MCH-004,LINE-B,2026-03-10T00:23:09Z,2026-03-10T00:31:09Z,POWER_DRAW_ANOMALY,medium,6.13,85.79,degraded,0.82,0.86,2.6,MP-FW-3.2,GW-C1
MP-1386,MechaPulse,PLANT_01,2026-03-11T00:05:00Z,MCH-010,LINE-C,2026-02-27T15:00:00Z,2026-03-03T21:59:04Z,POWER_DRAW_ANOMALY,medium,5.86,77.97,running,0.81,0.86,11.14,MP-FW-2.9,GW-A1
MP-1387,MechaPulse,PLANT_01,2026-03-11T00:05:00Z,MCH-002,LINE-A,2026-03-03T23:04:10Z,2026-03-03T23:09:10Z,POWER_DRAW_ANOMALY,high,11.06,71.18,running,0.99,0.92,8.65,MP-FW-3.2,GW-B1
MP-1388,MechaPulse,PLANT_01,2026-03-11T00:05:00Z,MCH-012,LINE-B,2026-03-03T23:52:39Z,2026-03-03T23:55:39Z,POWER_DRAW_ANOMALY,high,4.05,77.98,running,0.78,1.0,0.82,MP-FW-3.1,GW-A1
MP-1389,MechaPulse,PLANT_01,2026-03-11T00:05:00Z,MCH-008,LINE-B,2026-03-02T20:39:45Z,2026-03-02T20:47:45Z,POWER_DRAW_ANOMALY,high,-0.63,90.44,running,0.95,0.86,2.5,MP-FW-3.2,GW-A2
MP-1390,MechaPulse,PLANT_01,2026-03-11T00:05:00Z,MCH-010,LINE-C,2026-03-09T12:46:32Z,2026-03-09T12:49:32Z,POWER_DRAW_ANOMALY,high,3.34,73.86,running,0.7,0.71,0.49,MP-FW-2.9,GW-A1
MP-1391,MechaPulse,PLANT_01,2026-03-11T00:05:00Z,MCH-008,LINE-B,2026-03-07T17:12:59Z,2026-03-07T17:17:59Z,POWER_DRAW_ANOMALY,medium,,74.56,running,0.76,0.88,3.87,MP-FW-2.9,GW-A2
MP-1392,MechaPulse,PLANT_01,2026-03-11T00:05:00Z,MCH-004,LINE-B,2026-03-01T13:17:51Z,2026-03-01T13:27:51Z,POWER_DRAW_ANOMALY,high,6.24,81.73,running,0.78,0.8,2.04,MP-FW-3.2,GW-B1
MP-1393,MechaPulse,PLANT_01,2026-03-11T00:05:00Z,MCH-002,LINE-A,2026-03-08T10:36:09Z,2026-03-08T10:38:09Z,NORMAL_READING,low,3.97,52.71,running,0.97,0.76,6.56,MP-FW-3.2,GW-A1
MP-1394,MechaPulse,PLANT_01,2026-03-11T00:05:00Z,MCH-010,LINE-C,2026-03-10T05:27:23Z,2026-03-10T05:30:23Z,POWER_DRAW_ANOMALY,medium,4.28,82.82,running,0.67,0.82,1.09,MP-FW-3.2,GW-B1
MP-1395,MechaPulse,PLANT_01,2026-03-11T00:05:00Z,MCH-004,LINE-B,2026-03-02T10:53:43Z,2026-03-02T10:55:43Z,POWER_DRAW_ANOMALY,high,8.19,69.81,running,0.79,0.79,4.22,MP-FW-2.9,GW-A1
MP-1396,MechaPulse,PLANT_01,2026-03-11T00:05:00Z,MCH-010,LINE-C,2026-03-01T04:26:07Z,2026-03-01T04:32:07Z,POWER_DRAW_ANOMALY,high,7.25,84.16,running,0.96,0.87,11.12,MP-FW-3.1,GW-A2
MP-1397,MechaPulse,PLANT_01,2026-03-11T00:05:00Z,MCH-004,LINE-B,2026-03-09T11:59:38Z,2026-03-09T23:59:38Z,POWER_DRAW_ANOMALY,high,7.39,75.92,degraded,0.96,0.85,5.7,MP-FW-2.9,GW-B1
MP-1398,MechaPulse,PLANT_01,2026-03-11T00:05:00Z,MCH-010,LINE-C,2026-03-08T20:29:43Z,2026-03-08T20:34:43Z,POWER_DRAW_ANOMALY,high,6.95,75.37,running,0.92,0.84,7.27,MP-FW-2.9,GW-A2
MP-1399,MechaPulse,PLANT_01,2026-03-11T00:05:00Z,MCH-004,LINE-B,2026-03-09T18:11:29Z,2026-03-09T18:19:29Z,POWER_DRAW_ANOMALY,medium,6.1,79.31,running,0.99,0.75,9.62,MP-FW-3.1,GW-B1
MP-1400,MechaPulse,PLANT_01,2026-03-11T00:05:00Z,MCH-004,LINE-B,2026-03-08T04:08:54Z,2026-03-08T04:09:54Z,POWER_DRAW_ANOMALY,high,11.22,76.75,degraded,0.77,0.76,9.43,MP-FW-3.2,GW-A2
MP-1401,MechaPulse,PLANT_01,2026-03-11T00:05:00Z,MCH-010,LINE-C,2026-03-07T00:15:01Z,2026-03-07T00:23:01Z,POWER_DRAW_ANOMALY,high,3.9,73.72,running,0.94,0.78,8.41,MP-FW-3.2,GW-B1
MP-1402,MechaPulse,PLANT_01,2026-03-11T00:05:00Z,MCH-008,LINE-B,2026-03-06T18:37:14Z,2026-03-06T18:44:14Z,POWER_DRAW_ANOMALY,high,10.75,70.67,degraded,0.86,0.8,9.24,MP-FW-3.1,GW-A2
MP-1403,MechaPulse,PLANT_01,2026-03-11T00:05:00Z,MCH-008,LINE-B,2026-03-09T12:35:05Z,2026-03-09T12:43:05Z,POWER_DRAW_ANOMALY,high,7.7,83.35,degraded,,0.85,4.23,MP-FW-3.1,GW-A2
MP-1404,MechaPulse,PLANT_01,2026-03-11T00:05:00Z,MCH-010,LINE-C,2026-03-06T17:28:02Z,2026-03-06T17:34:02Z,POWER_DRAW_ANOMALY,medium,5.98,82.77,running,0.92,0.89,9.84,MP-FW-2.9,GW-A1
MP-1405,MechaPulse,PLANT_01,2026-03-11T00:05:00Z,MCH-010,LINE-C,2026-03-05T23:33:51Z,2026-03-05T23:35:51Z,POWER_DRAW_ANOMALY,high,10.52,75.49,running,0.9,0.71,10.49,MP-FW-3.1,GW-B1
MP-1406,MechaPulse,PLANT_01,2026-03-11T00:05:00Z,MCH-010,LINE-C,2026-03-09T16:04:32Z,2026-03-09T16:09:32Z,POWER_DRAW_ANOMALY,high,6.48,74.91,degraded,0.78,0.98,4.06,MP-FW-2.9,GW-A2
MP-1407,MechaPulse,PLANT_01,2026-03-11T00:05:00Z,MCH-004,LINE-B,2026-03-05T05:41:45Z,2026-03-05T05:44:45Z,POWER_DRAW_ANOMALY,high,4.33,89.22,running,0.88,0.72,9.18,MP-FW-3.2,GW-A1
MP-1408,MechaPulse,PLANT_01,2026-03-11T00:05:00Z,MCH-008,LINE-B,2026-03-09T18:18:00Z,2026-03-10T06:18:00Z,POWER_DRAW_ANOMALY,medium,8.4,82.97,running,0.81,0.88,10.1,MP-FW-3.2,GW-C1
MP-1409,MechaPulse,PLANT_01,2026-03-11T00:05:00Z,MCH-008,LINE-B,2026-03-08T17:55:44Z,2026-03-08T17:58:44Z,POWER_DRAW_ANOMALY,high,6.23,71.32,running,0.94,0.84,7.57,MP-FW-2.9,GW-B1
MP-1410,MechaPulse,PLANT_01,2026-03-11T00:05:00Z,MCH-012,LINE-B,2026-03-09T21:25:41Z,2026-03-09T21:28:41Z,POWER_DRAW_ANOMALY,high,7.39,60.67,running,0.95,0.86,4.05,MP-FW-2.9,GW-A2
MP-1411,MechaPulse,PLANT_01,2026-03-11T00:05:00Z,MCH-004,LINE-B,2026-03-10T01:31:34Z,2026-03-10T01:37:34Z,POWER_DRAW_ANOMALY,high,6.83,94.5,degraded,0.8,0.9,5.27,MP-FW-2.9,GW-A1
MP-1412,MechaPulse,PLANT_01,2026-03-11T00:05:00Z,MCH-008,LINE-B,2026-03-03T16:28:51Z,2026-03-03T16:32:51Z,POWER_DRAW_ANOMALY,medium,5.44,84.95,degraded,0.84,0.82,1.86,MP-FW-3.2,GW-C1
MP-1413,MechaPulse,PLANT_01,2026-03-11T00:05:00Z,MCH-004,LINE-B,2026-03-01T16:58:27Z,2026-03-01T17:05:27Z,POWER_DRAW_ANOMALY,medium,4.02,80.45,running,0.84,0.75,10.91,MP-FW-2.9,GW-C1
MP-1414,MechaPulse,PLANT_01,2026-03-11T00:05:00Z,MCH-010,LINE-C,2026-03-02T15:24:32Z,2026-03-02T15:32:32Z,POWER_DRAW_ANOMALY,medium,3.96,79.95,degraded,0.78,0.83,7.0,MP-FW-3.2,GW-A1
MP-1415,MechaPulse,PLANT_01,2026-03-11T00:05:00Z,MCH-004,LINE-B,2026-03-07T12:07:18Z,2026-03-07T12:10:18Z,POWER_DRAW_ANOMALY,medium,5.41,78.36,running,0.95,0.84,2.64,MP-FW-2.9,GW-C1
MP-1416,MechaPulse,PLANT_01,2026-03-11T00:05:00Z,MCH-004,LINE-B,2026-03-07T05:30:22Z,2026-03-07T05:37:22Z,POWER_DRAW_ANOMALY,medium,8.31,72.2,degraded,0.85,0.94,5.41,MP-FW-3.2,GW-C1
MP-1417,MechaPulse,PLANT_01,2026-03-11T00:05:00Z,MCH-004,LINE-B,2026-03-09T06:45:20Z,2026-03-09T06:46:20Z,POWER_DRAW_ANOMALY,medium,7.69,66.34,running,0.75,0.98,8.19,MP-FW-2.9,GW-B1
MP-1418,MechaPulse,PLANT_01,2026-03-11T00:05:00Z,MCH-002,LINE-A,2026-03-02T09:48:41Z,2026-03-02T09:56:41Z,POWER_DRAW_ANOMALY,medium,,90.69,degraded,0.89,0.59,3.31,MP-FW-3.1,GW-A2
MP-1419,MechaPulse,PLANT_01,2026-03-11T00:05:00Z,MCH-010,LINE-C,2026-03-10T13:04:56Z,2026-03-10T13:05:56Z,POWER_DRAW_ANOMALY,high,9.15,84.64,running,0.86,0.86,1.23,MP-FW-3.1,GW-A2
MP-1420,MechaPulse,PLANT_01,2026-03-11T00:05:00Z,MCH-008,LINE-B,2026-03-03T01:52:16Z,2026-03-03T01:53:16Z,POWER_DRAW_ANOMALY,medium,9.95,97.29,degraded,0.93,0.96,3.11,MP-FW-3.1,GW-A1
MP-1421,MechaPulse,PLANT_01,2026-03-11T00:05:00Z,MCH-004,LINE-B,2026-03-09T13:22:38Z,2026-03-09T13:29:38Z,POWER_DRAW_ANOMALY,medium,2.59,79.66,running,0.94,,6.46,MP-FW-2.9,GW-A1
MP-1422,MechaPulse,PLANT_01,2026-03-11T00:05:00Z,MCH-008,LINE-B,2026-03-07T07:28:41Z,2026-03-07T07:31:41Z,POWER_DRAW_ANOMALY,medium,5.77,87.66,running,0.93,0.74,10.5,MP-FW-3.2,GW-A1
MP-1423,MechaPulse,PLANT_01,2026-03-11T00:05:00Z,MCH-004,LINE-B,2026-03-06T06:52:53Z,2026-03-06T06:59:53Z,POWER_DRAW_ANOMALY,high,5.77,74.53,running,0.96,0.79,2.02,MP-FW-2.9,GW-A1
MP-1424,MechaPulse,PLANT_01,2026-03-11T00:05:00Z,MCH-008,LINE-B,2026-03-05T11:56:44Z,2026-03-05T12:02:44Z,POWER_DRAW_ANOMALY,medium,8.47,66.35,running,0.92,0.79,3.29,MP-FW-2.9,GW-B1
MP-1425,MechaPulse,PLANT_01,2026-03-11T00:05:00Z,MCH-008,LINE-B,2026-03-06T05:33:38Z,2026-03-06T05:34:38Z,POWER_DRAW_ANOMALY,high,10.26,80.38,degraded,0.98,0.78,6.28,MP-FW-2.9,GW-A1
MP-1426,MechaPulse,PLANT_01,2026-03-11T00:05:00Z,MCH-002,LINE-A,2026-03-10T11:12:52Z,2026-03-10T11:13:52Z,POWER_DRAW_ANOMALY,medium,3.95,92.14,degraded,,0.89,8.77,MP-FW-2.9,GW-B1
MP-1427,MechaPulse,PLANT_01,2026-03-11T00:05:00Z,MCH-004,LINE-B,2026-02-27T07:00:00Z,2026-03-10T06:57:39Z,POWER_DRAW_ANOMALY,high,7.21,73.06,running,0.9,0.83,6.44,MP-FW-2.9,GW-A2
MP-1428,MechaPulse,PLANT_01,2026-03-11T00:05:00Z,MCH-004,LINE-B,2026-03-02T11:01:47Z,2026-03-02T11:02:47Z,POWER_DRAW_ANOMALY,medium,10.49,94.04,running,0.97,0.73,5.33,MP-FW-3.2,GW-A1
MP-1429,MechaPulse,PLANT_01,2026-03-11T00:05:00Z,MCH-010,LINE-C,2026-03-04T16:12:27Z,2026-03-04T16:17:27Z,POWER_DRAW_ANOMALY,high,6.05,92.43,running,0.78,0.84,3.98,MP-FW-2.9,GW-A1
MP-1430,MechaPulse,PLANT_01,2026-03-11T00:05:00Z,MCH-012,LINE-B,2026-03-03T13:36:44Z,2026-03-03T13:38:44Z,POWER_DRAW_ANOMALY,high,11.77,73.74,running,0.92,0.91,9.7,MP-FW-3.1,GW-A1
MP-1431,MechaPulse,PLANT_01,2026-03-11T00:05:00Z,MCH-008,LINE-B,2026-03-04T21:03:53Z,2026-03-04T21:05:53Z,POWER_DRAW_ANOMALY,medium,7.86,69.19,running,1.0,0.78,3.74,MP-FW-2.9,GW-A1
MP-1432,MechaPulse,PLANT_01,2026-03-11T00:05:00Z,MCH-010,LINE-C,2026-03-01T16:55:58Z,2026-03-01T17:00:58Z,POWER_DRAW_ANOMALY,high,9.7,83.17,running,0.99,0.9,9.1,MP-FW-2.9,GW-A1
MP-1433,MechaPulse,PLANT_01,2026-03-11T00:05:00Z,MCH-008,LINE-B,2026-03-06T06:45:50Z,2026-03-06T08:45:50Z,POWER_DRAW_ANOMALY,high,9.03,70.43,running,0.81,0.72,9.12,MP-FW-3.1,GW-A2
MP-1434,MechaPulse,PLANT_01,2026-03-11T00:05:00Z,MCH-002,LINE-A,2026-03-03T21:58:22Z,2026-03-03T22:08:22Z,POWER_DRAW_ANOMALY,high,3.28,80.46,running,0.89,1.0,6.31,MP-FW-3.1,GW-A2
MP-1435,MechaPulse,PLANT_01,2026-03-11T00:05:00Z,MCH-008,LINE-B,2026-03-07T20:44:21Z,2026-03-07T20:45:21Z,POWER_DRAW_ANOMALY,high,6.39,79.84,degraded,0.86,0.79,4.06,MP-FW-2.9,GW-C1
MP-1436,MechaPulse,PLANT_01,2026-03-11T00:05:00Z,MCH-010,LINE-C,2026-03-06T07:37:38Z,2026-03-06T08:37:38Z,POWER_DRAW_ANOMALY,high,8.45,69.68,running,0.82,0.77,8.03,MP-FW-3.2,GW-A2
MP-1437,MechaPulse,PLANT_01,2026-03-11T00:05:00Z,MCH-004,LINE-B,2026-03-09T08:35:49Z,2026-03-09T08:37:49Z,POWER_DRAW_ANOMALY,high,7.42,70.82,running,0.98,1.0,10.51,MP-FW-3.2,GW-A1
MP-1438,MechaPulse,PLANT_01,2026-03-11T00:05:00Z,MCH-012,LINE-B,2026-03-03T06:22:12Z,2026-03-03T06:26:12Z,POWER_DRAW_ANOMALY,high,8.89,95.65,degraded,,1.0,4.48,MP-FW-3.1,GW-B1
MP-1439,MechaPulse,PLANT_01,2026-03-11T00:05:00Z,MCH-012,LINE-B,2026-03-04T11:18:29Z,2026-03-04T11:25:29Z,POWER_DRAW_ANOMALY,medium,5.02,85.35,running,1.0,0.74,2.37,MP-FW-3.2,GW-B1
MP-1440,MechaPulse,PLANT_01,2026-03-11T00:05:00Z,MCH-008,LINE-B,2026-03-05T21:17:40Z,2026-03-05T21:23:40Z,POWER_DRAW_ANOMALY,medium,10.18,71.73,degraded,0.92,0.95,6.8,MP-FW-3.2,GW-A2
MP-1441,MechaPulse,PLANT_01,2026-03-11T00:05:00Z,MCH-010,LINE-C,2026-03-09T22:15:30Z,2026-03-09T22:18:30Z,POWER_DRAW_ANOMALY,medium,7.78,86.75,degraded,0.88,0.74,3.23,MP-FW-3.2,GW-A1
MP-1442,MechaPulse,PLANT_01,2026-03-11T00:05:00Z,MCH-004,LINE-B,2026-03-03T07:25:28Z,2026-03-03T07:27:28Z,POWER_DRAW_ANOMALY,medium,4.97,83.68,running,0.71,0.74,5.46,MP-FW-2.9,GW-B1
MP-1443,MechaPulse,PLANT_01,2026-03-11T00:05:00Z,MCH-008,LINE-B,2026-03-06T07:40:27Z,2026-03-06T07:42:27Z,POWER_DRAW_ANOMALY,high,4.7,86.81,running,0.84,0.88,9.08,MP-FW-3.1,GW-A1
MP-1444,MechaPulse,PLANT_01,2026-03-11T00:05:00Z,MCH-004,LINE-B,2026-03-05T02:22:02Z,2026-03-05T02:27:02Z,POWER_DRAW_ANOMALY,medium,4.79,90.67,running,0.83,1.0,6.34,MP-FW-3.2,GW-A1
MP-1445,MechaPulse,PLANT_01,2026-03-11T00:05:00Z,MCH-010,LINE-C,2026-03-04T04:57:52Z,2026-03-04T16:57:52Z,POWER_DRAW_ANOMALY,high,7.1,70.04,running,0.94,0.69,8.67,MP-FW-3.2,GW-A2
MP-1446,MechaPulse,PLANT_01,2026-03-11T00:05:00Z,MCH-002,LINE-A,2026-03-09T22:37:35Z,2026-03-09T22:45:35Z,POWER_DRAW_ANOMALY,high,6.05,82.21,running,0.71,0.94,10.86,MP-FW-3.1,GW-C1
MP-1447,MechaPulse,PLANT_01,2026-03-11T00:05:00Z,MCH-010,LINE-C,2026-03-10T11:49:22Z,2026-03-10T11:50:22Z,POWER_DRAW_ANOMALY,high,6.99,88.37,running,0.89,0.69,6.62,MP-FW-2.9,GW-C1
MP-1448,MechaPulse,PLANT_01,2026-03-11T00:05:00Z,MCH-012,LINE-B,2026-03-03T07:45:25Z,2026-03-03T07:50:25Z,POWER_DRAW_ANOMALY,medium,5.09,77.75,running,0.78,1.0,5.72,MP-FW-3.1,GW-A2
MP-1449,MechaPulse,PLANT_01,2026-03-11T00:05:00Z,MCH-004,LINE-B,2026-03-05T09:22:18Z,2026-03-05T09:37:18Z,POWER_DRAW_ANOMALY,medium,6.97,92.14,running,0.81,0.87,5.6,MP-FW-3.1,GW-C1
MP-1450,MechaPulse,PLANT_01,2026-03-11T00:05:00Z,MCH-012,LINE-B,2026-03-10T20:23:13Z,2026-03-10T20:28:13Z,POWER_DRAW_ANOMALY,medium,8.02,73.37,degraded,0.86,,1.81,MP-FW-3.1,GW-C1
MP-1451,MechaPulse,PLANT_01,2026-03-11T00:05:00Z,MCH-002,LINE-A,2026-03-03T19:24:33Z,2026-03-04T07:24:33Z,POWER_DRAW_ANOMALY,high,10.77,69.11,running,0.86,0.85,7.13,MP-FW-3.1,GW-C1
MP-1452,MechaPulse,PLANT_01,2026-03-11T00:05:00Z,MCH-008,LINE-B,2026-03-08T00:40:46Z,2026-03-08T00:41:46Z,POWER_DRAW_ANOMALY,high,1.51,84.18,running,0.87,0.8,10.55,MP-FW-2.9,GW-A2
MP-1453,MechaPulse,PLANT_01,2026-03-11T00:05:00Z,MCH-012,LINE-B,2026-03-05T16:18:48Z,2026-03-05T16:21:48Z,POWER_DRAW_ANOMALY,medium,7.56,78.89,running,0.74,0.84,8.67,MP-FW-3.2,GW-B1
MP-1454,MechaPulse,PLANT_01,2026-03-11T00:05:00Z,MCH-010,LINE-C,2026-03-10T17:40:12Z,2026-03-10T17:48:12Z,POWER_DRAW_ANOMALY,high,8.37,80.61,degraded,0.94,0.8,5.52,MP-FW-3.2,GW-A2
MP-1455,MechaPulse,PLANT_01,2026-03-11T00:05:00Z,MCH-004,LINE-B,2026-03-01T04:55:38Z,2026-03-01T05:00:38Z,POWER_DRAW_ANOMALY,medium,7.15,83.16,degraded,0.86,0.87,2.64,MP-FW-2.9,GW-A1
MP-1456,MechaPulse,PLANT_01,2026-03-11T00:05:00Z,MCH-010,LINE-C,2026-03-10T05:35:33Z,2026-03-10T05:39:33Z,POWER_DRAW_ANOMALY,medium,5.01,83.9,running,0.86,0.82,11.38,MP-FW-3.2,GW-A2
MP-1457,MechaPulse,PLANT_01,2026-03-11T00:05:00Z,MCH-002,LINE-A,2026-03-01T17:15:14Z,2026-03-01T17:21:14Z,POWER_DRAW_ANOMALY,medium,7.91,62.78,running,0.88,0.81,5.04,MP-FW-3.1,GW-A2
MP-1458,MechaPulse,PLANT_01,2026-03-11T00:05:00Z,MCH-004,LINE-B,2026-03-04T16:18:11Z,2026-03-04T16:23:11Z,POWER_DRAW_ANOMALY,medium,4.89,83.53,running,0.89,0.91,6.97,MP-FW-3.1,GW-A2
MP-1459,MechaPulse,PLANT_01,2026-03-11T00:05:00Z,MCH-008,LINE-B,2026-03-02T01:52:38Z,2026-03-02T01:55:38Z,POWER_DRAW_ANOMALY,high,10.28,77.38,degraded,1.0,0.76,3.99,MP-FW-2.9,GW-C1
MP-1460,MechaPulse,PLANT_01,2026-03-11T00:05:00Z,MCH-008,LINE-B,2026-03-08T06:55:47Z,2026-03-08T07:00:47Z,POWER_DRAW_ANOMALY,medium,2.85,78.7,running,0.89,0.98,5.84,MP-FW-3.1,GW-A2
MP-1461,MechaPulse,PLANT_01,2026-03-11T00:05:00Z,MCH-008,LINE-B,2026-03-08T07:19:02Z,2026-03-08T07:20:02Z,POWER_DRAW_ANOMALY,medium,9.47,73.38,running,0.88,,9.77,MP-FW-3.2,GW-B1
MP-1462,MechaPulse,PLANT_01,2026-03-11T00:05:00Z,MCH-008,LINE-B,2026-03-07T03:16:03Z,2026-03-07T03:24:03Z,POWER_DRAW_ANOMALY,medium,7.78,65.83,running,0.82,0.78,11.41,MP-FW-3.1,GW-A2
MP-1463,MechaPulse,PLANT_01,2026-03-11T00:05:00Z,MCH-004,LINE-B,2026-03-07T17:49:35Z,2026-03-07T17:56:35Z,POWER_DRAW_ANOMALY,medium,6.68,82.62,degraded,0.83,0.85,3.27,MP-FW-3.2,GW-A1
MP-1464,MechaPulse,PLANT_01,2026-03-11T00:05:00Z,MCH-012,LINE-B,2026-03-05T02:11:25Z,2026-03-05T03:11:25Z,POWER_DRAW_ANOMALY,high,7.88,87.44,degraded,0.81,0.77,6.93,MP-FW-3.1,GW-A2
MP-1465,MechaPulse,PLANT_01,2026-03-11T00:05:00Z,MCH-008,LINE-B,2026-03-06T06:36:19Z,2026-03-06T06:39:19Z,POWER_DRAW_ANOMALY,high,,90.32,running,0.92,0.86,4.77,MP-FW-3.2,GW-C1
MP-1466,MechaPulse,PLANT_01,2026-03-11T00:05:00Z,MCH-012,LINE-B,2026-03-05T05:53:24Z,2026-03-05T06:00:24Z,POWER_DRAW_ANOMALY,high,4.08,103.91,running,0.86,0.86,8.69,MP-FW-3.2,GW-C1
MP-1467,MechaPulse,PLANT_01,2026-03-11T00:05:00Z,MCH-002,LINE-A,2026-03-05T04:32:44Z,2026-03-05T04:38:44Z,POWER_DRAW_ANOMALY,medium,3.4,62.29,degraded,0.88,0.95,5.35,MP-FW-2.9,GW-A2
MP-1468,MechaPulse,PLANT_01,2026-03-11T00:05:00Z,MCH-008,LINE-B,2026-03-07T20:25:37Z,2026-03-07T20:27:37Z,POWER_DRAW_ANOMALY,medium,10.71,80.2,degraded,0.86,0.74,3.62,MP-FW-2.9,GW-C1
MP-1469,MechaPulse,PLANT_01,2026-03-11T00:05:00Z,MCH-002,LINE-A,2026-03-09T08:24:26Z,2026-03-09T08:31:26Z,POWER_DRAW_ANOMALY,medium,,86.44,running,0.9,0.77,8.94,MP-FW-3.2,GW-C1
MP-1470,MechaPulse,PLANT_01,2026-03-11T00:05:00Z,MCH-002,LINE-A,2026-03-09T08:10:27Z,2026-03-09T08:14:27Z,NORMAL_READING,low,3.63,64.97,running,0.96,1.0,10.4,MP-FW-3.2,GW-C1
MP-1471,MechaPulse,PLANT_01,2026-03-11T00:05:00Z,MCH-002,LINE-A,2026-03-08T02:30:06Z,2026-03-08T02:38:06Z,POWER_DRAW_ANOMALY,medium,7.49,,running,0.87,0.93,7.72,MP-FW-3.1,GW-A1
MP-1472,MechaPulse,PLANT_01,2026-03-11T00:05:00Z,MCH-004,LINE-B,2026-03-10T00:12:00Z,2026-03-10T00:19:00Z,POWER_DRAW_ANOMALY,high,0.96,63.02,running,0.96,0.79,4.28,MP-FW-3.2,GW-C1
MP-1473,MechaPulse,PLANT_01,2026-03-11T00:05:00Z,MCH-002,LINE-A,2026-03-05T01:13:55Z,2026-03-05T01:14:55Z,POWER_DRAW_ANOMALY,high,6.67,78.34,degraded,0.76,0.95,4.36,MP-FW-2.9,GW-C1
MP-1474,MechaPulse,PLANT_01,2026-03-11T00:05:00Z,MCH-002,LINE-A,2026-03-08T12:17:12Z,2026-03-08T12:21:12Z,NORMAL_READING,low,4.43,62.59,running,1.0,0.81,10.73,MP-FW-3.2,GW-A1
MP-1475,MechaPulse,PLANT_01,2026-03-11T00:05:00Z,MCH-010,LINE-C,2026-03-04T08:14:38Z,2026-03-04T09:14:38Z,POWER_DRAW_ANOMALY,medium,5.45,61.34,degraded,0.91,0.68,2.1,MP-FW-3.2,GW-A1
MP-1476,MechaPulse,PLANT_01,2026-03-11T00:05:00Z,MCH-002,LINE-A,2026-03-07T03:38:15Z,2026-03-07T03:53:15Z,NORMAL_READING,low,3.43,53.19,running,1.0,1.0,10.34,MP-FW-3.1,GW-A2
MP-1477,MechaPulse,PLANT_01,2026-03-11T00:05:00Z,MCH-012,LINE-B,2026-03-08T05:00:46Z,2026-03-08T05:06:46Z,POWER_DRAW_ANOMALY,high,9.7,86.43,running,1.0,0.77,6.55,MP-FW-3.2,GW-A2
MP-1478,MechaPulse,PLANT_01,2026-03-11T00:05:00Z,MCH-004,LINE-B,2026-03-02T07:35:18Z,2026-03-02T07:50:18Z,POWER_DRAW_ANOMALY,medium,8.27,84.29,degraded,1.0,0.78,6.87,MP-FW-3.1,GW-C1
MP-1479,MechaPulse,PLANT_01,2026-03-11T00:05:00Z,MCH-012,LINE-B,2026-02-27T18:00:00Z,2026-03-04T15:24:49Z,POWER_DRAW_ANOMALY,high,8.25,58.95,running,0.77,0.82,7.88,MP-FW-3.1,GW-B1
MP-1480,MechaPulse,PLANT_01,2026-03-11T00:05:00Z,MCH-011,LINE-D,2026-03-08T13:41:54Z,2026-03-08T13:45:54Z,SENSOR_DROPOUT,high,,,idle,0.36,0.42,9.56,MP-FW-3.1,GW-A2
MP-1481,MechaPulse,PLANT_01,2026-03-11T00:05:00Z,MCH-007,LINE-C,2026-03-01T14:21:59Z,2026-03-01T14:28:59Z,SENSOR_DROPOUT,low,3.36,58.16,unknown,0.26,0.57,9.88,MP-FW-3.2,GW-A1
MP-1482,MechaPulse,PLANT_01,2026-03-11T00:05:00Z,MCH-011,LINE-D,2026-03-09T13:25:50Z,2026-03-09T13:30:50Z,SENSOR_DROPOUT,high,6.14,,idle,0.23,0.39,1.35,MP-FW-3.1,GW-C1
MP-1483,MechaPulse,PLANT_01,2026-03-11T00:05:00Z,MCH-003,LINE-B,2026-03-05T20:37:43Z,2026-03-05T20:40:43Z,SENSOR_DROPOUT,low,2.56,,running,0.52,0.4,7.97,MP-FW-3.1,GW-C1
MP-1484,MechaPulse,PLANT_01,2026-03-11T00:05:00Z,MCH-007,LINE-C,2026-03-10T01:10:42Z,2026-03-10T01:12:42Z,SENSOR_DROPOUT,high,,,idle,,0.43,6.67,MP-FW-3.2,GW-A1
MP-1485,MechaPulse,PLANT_01,2026-03-11T00:05:00Z,MCH-007,LINE-C,2026-03-03T01:27:24Z,2026-03-03T01:28:24Z,SENSOR_DROPOUT,medium,3.2,,running,0.45,0.44,9.66,MP-FW-2.9,GW-A1
MP-1486,MechaPulse,PLANT_01,2026-03-11T00:05:00Z,MCH-007,LINE-C,2026-03-03T08:39:42Z,2026-03-03T08:42:42Z,SENSOR_DROPOUT,low,,,unknown,0.35,0.41,3.57,MP-FW-2.9,GW-A2
MP-1487,MechaPulse,PLANT_01,2026-03-11T00:05:00Z,MCH-012,LINE-B,2026-03-08T11:43:00Z,2026-03-08T11:49:00Z,SENSOR_DROPOUT,low,,65.82,idle,0.29,0.41,1.32,MP-FW-3.1,GW-A2
MP-1488,MechaPulse,PLANT_01,2026-03-11T00:05:00Z,MCH-011,LINE-D,2026-03-02T14:41:19Z,2026-03-02T14:44:19Z,SENSOR_DROPOUT,low,2.83,,unknown,0.15,0.33,6.26,MP-FW-3.1,GW-B1
MP-1489,MechaPulse,PLANT_01,2026-03-11T00:05:00Z,MCH-003,LINE-B,2026-03-08T22:16:41Z,2026-03-08T22:23:41Z,SENSOR_DROPOUT,low,3.21,,idle,0.29,0.45,7.93,MP-FW-3.2,GW-A1
MP-1490,MechaPulse,PLANT_01,2026-03-11T00:05:00Z,MCH-012,LINE-B,2026-03-02T00:17:23Z,2026-03-02T00:20:23Z,SENSOR_DROPOUT,medium,4.8,,unknown,0.55,0.38,4.14,MP-FW-2.9,GW-B1
MP-1491,MechaPulse,PLANT_01,2026-03-11T00:05:00Z,MCH-004,LINE-B,2026-03-07T21:52:06Z,2026-03-07T21:59:06Z,SENSOR_DROPOUT,low,,,running,0.26,0.23,1.63,MP-FW-3.2,GW-B1
MP-1492,MechaPulse,PLANT_01,2026-03-11T00:05:00Z,MCH-011,LINE-D,2026-03-09T06:05:40Z,2026-03-09T06:09:40Z,SENSOR_DROPOUT,medium,3.51,73.59,unknown,0.15,0.44,1.22,MP-FW-3.1,GW-A1
MP-1493,MechaPulse,PLANT_01,2026-03-11T00:05:00Z,MCH-007,LINE-C,2026-03-02T01:34:10Z,2026-03-02T01:36:10Z,SENSOR_DROPOUT,high,,56.31,unknown,0.32,0.23,8.14,MP-FW-2.9,GW-B1
MP-1494,MechaPulse,PLANT_01,2026-03-11T00:05:00Z,MCH-011,LINE-D,2026-03-09T09:47:42Z,2026-03-09T09:49:42Z,SENSOR_DROPOUT,high,3.39,,running,0.28,0.32,2.13,MP-FW-3.1,GW-B1
MP-1495,MechaPulse,PLANT_01,2026-03-11T00:05:00Z,MCH-003,LINE-B,2026-03-03T20:12:53Z,2026-03-03T20:13:53Z,SENSOR_DROPOUT,high,4.12,,running,0.54,,5.4,MP-FW-3.2,GW-B1
MP-1496,MechaPulse,PLANT_01,2026-03-11T00:05:00Z,MCH-011,LINE-D,2026-02-27T05:00:00Z,2026-03-04T23:37:56Z,SENSOR_DROPOUT,high,,,unknown,0.2,0.17,10.28,MP-FW-2.9,GW-B1
MP-1497,MechaPulse,PLANT_01,2026-03-11T00:05:00Z,MCH-011,LINE-D,2026-03-05T23:45:42Z,2026-03-05T23:48:42Z,SENSOR_DROPOUT,medium,,,running,0.18,0.41,5.62,MP-FW-2.9,GW-B1
MP-1498,MechaPulse,PLANT_01,2026-03-11T00:05:00Z,MCH-011,LINE-D,2026-03-06T13:32:35Z,2026-03-06T13:34:35Z,SENSOR_DROPOUT,medium,2.94,58.6,running,,0.49,0.79,MP-FW-3.2,GW-C1
MP-1499,MechaPulse,PLANT_01,2026-03-11T00:05:00Z,MCH-003,LINE-B,2026-03-09T09:22:00Z,2026-03-09T09:24:00Z,SENSOR_DROPOUT,medium,,,unknown,0.26,0.5,8.18,MP-FW-3.1,GW-A2
MP-1500,MechaPulse,PLANT_01,2026-03-11T00:05:00Z,MCH-011,LINE-D,2026-03-10T17:26:37Z,2026-03-10T17:31:37Z,SENSOR_DROPOUT,high,,,unknown,0.23,0.44,2.82,MP-FW-3.2,GW-C1
MP-1501,MechaPulse,PLANT_01,2026-03-11T00:05:00Z,MCH-012,LINE-B,2026-02-27T05:00:00Z,2026-03-06T19:14:27Z,SENSOR_DROPOUT,high,,,running,0.46,0.33,1.34,MP-FW-3.1,GW-B1
MP-1502,MechaPulse,PLANT_01,2026-03-11T00:05:00Z,MCH-003,LINE-B,2026-03-05T03:16:21Z,2026-03-05T03:22:21Z,SENSOR_DROPOUT,medium,,67.03,idle,0.25,0.59,7.31,MP-FW-2.9,GW-A1
MP-1503,MechaPulse,PLANT_01,2026-03-11T00:05:00Z,MCH-011,LINE-D,2026-03-08T10:40:52Z,2026-03-08T10:44:52Z,SENSOR_DROPOUT,low,,,unknown,0.15,0.58,10.27,MP-FW-2.9,GW-B1
MP-1504,MechaPulse,PLANT_01,2026-03-11T00:05:00Z,MCH-003,LINE-B,2026-03-06T02:27:40Z,2026-03-06T02:30:40Z,SENSOR_DROPOUT,high,,,running,0.32,0.42,9.4,MP-FW-3.2,GW-A1
MP-1505,MechaPulse,PLANT_01,2026-03-11T00:05:00Z,MCH-011,LINE-D,2026-03-09T12:59:32Z,2026-03-09T13:07:32Z,SENSOR_DROPOUT,medium,,,idle,0.22,0.49,3.23,MP-FW-3.1,GW-A2
MP-1506,MechaPulse,PLANT_01,2026-03-11T00:05:00Z,MCH-011,LINE-D,2026-03-07T01:41:15Z,2026-03-07T01:45:15Z,SENSOR_DROPOUT,medium,,,running,0.21,0.25,1.14,MP-FW-2.9,GW-B1
MP-1507,MechaPulse,PLANT_01,2026-03-11T00:05:00Z,MCH-007,LINE-C,2026-03-05T15:30:57Z,2026-03-05T15:32:57Z,SENSOR_DROPOUT,high,,63.29,running,0.55,0.56,7.03,MP-FW-3.1,GW-C1
MP-1508,MechaPulse,PLANT_01,2026-03-11T00:05:00Z,MCH-011,LINE-D,2026-03-04T01:23:13Z,2026-03-04T01:25:13Z,SENSOR_DROPOUT,high,,80.74,running,0.15,0.31,10.86,MP-FW-3.1,GW-B1
MP-1509,MechaPulse,PLANT_01,2026-03-11T00:05:00Z,MCH-011,LINE-D,2026-03-02T20:29:56Z,2026-03-02T20:30:56Z,SENSOR_DROPOUT,low,3.2,,running,0.37,0.47,7.48,MP-FW-3.1,GW-A2
MP-1510,MechaPulse,PLANT_01,2026-03-11T00:05:00Z,MCH-011,LINE-D,2026-03-01T22:49:17Z,2026-03-01T22:53:17Z,SENSOR_DROPOUT,low,3.4,,unknown,0.16,0.31,5.61,MP-FW-3.1,GW-A1
MP-1511,MechaPulse,PLANT_01,2026-03-11T00:05:00Z,MCH-004,LINE-B,2026-03-04T01:02:40Z,2026-03-04T01:09:40Z,SENSOR_DROPOUT,high,,68.69,idle,0.27,0.51,10.19,MP-FW-3.1,GW-C1
MP-1512,MechaPulse,PLANT_01,2026-03-11T00:05:00Z,MCH-011,LINE-D,2026-03-02T06:04:14Z,2026-03-02T06:07:14Z,SENSOR_DROPOUT,low,3.51,,unknown,0.37,0.3,7.74,MP-FW-3.2,GW-B1
MP-1513,MechaPulse,PLANT_01,2026-03-11T00:05:00Z,MCH-012,LINE-B,2026-03-02T04:22:17Z,2026-03-02T04:25:17Z,SENSOR_DROPOUT,medium,5.5,58.77,unknown,0.55,0.39,6.73,MP-FW-2.9,GW-B1
MP-1514,MechaPulse,PLANT_01,2026-03-11T00:05:00Z,MCH-011,LINE-D,2026-03-04T16:12:08Z,2026-03-04T16:19:08Z,SENSOR_DROPOUT,low,2.66,,running,0.15,0.61,4.55,MP-FW-2.9,GW-C1
MP-1515,MechaPulse,PLANT_01,2026-03-11T00:05:00Z,MCH-004,LINE-B,2026-03-09T20:03:44Z,2026-03-09T20:05:44Z,SENSOR_DROPOUT,high,,,running,0.36,0.57,3.53,MP-FW-3.1,GW-C1
MP-1516,MechaPulse,PLANT_01,2026-03-11T00:05:00Z,MCH-011,LINE-D,2026-03-10T10:03:14Z,2026-03-10T10:05:14Z,SENSOR_DROPOUT,low,3.67,,idle,0.37,0.47,4.33,MP-FW-3.1,GW-A2
MP-1517,MechaPulse,PLANT_01,2026-03-11T00:05:00Z,MCH-011,LINE-D,2026-03-07T11:25:53Z,2026-03-07T11:33:53Z,SENSOR_DROPOUT,medium,,,idle,0.3,0.38,0.56,MP-FW-3.1,GW-A2
MP-1518,MechaPulse,PLANT_01,2026-03-11T00:05:00Z,MCH-011,LINE-D,2026-03-10T11:22:27Z,2026-03-10T11:29:27Z,SENSOR_DROPOUT,high,1.69,,idle,0.17,0.36,2.28,MP-FW-2.9,GW-A1
MP-1519,MechaPulse,PLANT_01,2026-03-11T00:05:00Z,MCH-007,LINE-C,2026-03-06T07:54:30Z,2026-03-06T07:56:30Z,SENSOR_DROPOUT,medium,3.82,,running,0.3,0.36,1.4,MP-FW-3.1,GW-A1
MP-1520,MechaPulse,PLANT_01,2026-03-11T00:05:00Z,MCH-007,LINE-C,2026-02-28T01:00:00Z,2026-03-04T12:29:12Z,SENSOR_DROPOUT,high,,64.18,idle,0.29,0.43,4.61,MP-FW-3.2,GW-A2
MP-1521,MechaPulse,PLANT_01,2026-03-11T00:05:00Z,MCH-007,LINE-C,2026-03-02T02:35:21Z,2026-03-02T02:36:21Z,SENSOR_DROPOUT,medium,3.14,,idle,0.25,0.36,8.32,MP-FW-3.1,GW-A2
MP-1522,MechaPulse,PLANT_01,2026-03-11T00:05:00Z,MCH-007,LINE-C,2026-03-02T19:58:32Z,2026-03-02T20:05:32Z,SENSOR_DROPOUT,high,2.37,58.62,running,0.2,0.6,11.44,MP-FW-3.1,GW-A1
MP-1523,MechaPulse,PLANT_01,2026-03-11T00:05:00Z,MCH-011,LINE-D,2026-03-10T21:41:19Z,2026-03-10T21:43:19Z,SENSOR_DROPOUT,high,4.25,,running,0.37,0.47,8.82,MP-FW-3.2,GW-A2
MP-1524,MechaPulse,PLANT_01,2026-03-11T00:05:00Z,MCH-003,LINE-B,2026-03-07T11:18:31Z,2026-03-07T11:24:31Z,SENSOR_DROPOUT,low,,,running,0.14,0.5,7.91,MP-FW-2.9,GW-A1
MP-1525,MechaPulse,PLANT_01,2026-03-11T00:05:00Z,MCH-007,LINE-C,2026-03-03T18:51:44Z,2026-03-03T18:53:44Z,SENSOR_DROPOUT,high,,68.85,running,0.4,0.35,2.24,MP-FW-3.1,GW-C1
MP-1526,MechaPulse,PLANT_01,2026-03-11T00:05:00Z,MCH-007,LINE-C,2026-03-03T06:28:25Z,2026-03-03T06:31:25Z,SENSOR_DROPOUT,medium,,,idle,0.25,0.43,8.95,MP-FW-3.1,GW-B1
MP-1527,MechaPulse,PLANT_01,2026-03-11T00:05:00Z,MCH-007,LINE-C,2026-03-06T09:16:13Z,2026-03-06T09:18:13Z,SENSOR_DROPOUT,low,,,idle,0.38,0.48,3.13,MP-FW-3.1,GW-A1
MP-1528,MechaPulse,PLANT_01,2026-03-11T00:05:00Z,MCH-003,LINE-B,2026-03-05T21:01:21Z,2026-03-05T21:08:21Z,SENSOR_DROPOUT,medium,,,running,0.42,0.12,6.74,MP-FW-3.1,GW-B1
MP-1529,MechaPulse,PLANT_01,2026-03-11T00:05:00Z,MCH-004,LINE-B,2026-03-10T08:52:46Z,2026-03-10T08:53:46Z,SENSOR_DROPOUT,high,3.48,62.82,unknown,0.4,0.25,6.74,MP-FW-3.1,GW-A2
MP-1530,MechaPulse,PLANT_01,2026-03-11T00:05:00Z,MCH-007,LINE-C,2026-03-03T03:14:26Z,2026-03-03T03:20:26Z,SENSOR_DROPOUT,high,,,running,0.42,0.59,8.1,MP-FW-2.9,GW-C1
MP-1531,MechaPulse,PLANT_01,2026-03-11T00:05:00Z,MCH-012,LINE-B,2026-03-05T00:02:22Z,2026-03-05T00:09:22Z,SENSOR_DROPOUT,high,,55.79,running,0.38,0.3,1.19,MP-FW-3.1,GW-A1
MP-1532,MechaPulse,PLANT_01,2026-03-11T00:05:00Z,MCH-004,LINE-B,2026-03-08T00:16:59Z,2026-03-08T00:26:59Z,SENSOR_DROPOUT,medium,,59.08,idle,0.2,0.47,9.88,MP-FW-3.1,GW-B1
MP-1533,MechaPulse,PLANT_01,2026-03-11T00:05:00Z,MCH-003,LINE-B,2026-03-06T06:41:26Z,2026-03-06T06:48:26Z,SENSOR_DROPOUT,high,,,unknown,0.35,0.36,9.13,MP-FW-2.9,GW-B1
MP-1534,MechaPulse,PLANT_01,2026-03-11T00:05:00Z,MCH-012,LINE-B,2026-03-07T12:14:27Z,2026-03-08T00:14:27Z,SENSOR_DROPOUT,low,,,idle,0.17,0.47,2.81,MP-FW-2.9,GW-A2
MP-1535,MechaPulse,PLANT_01,2026-03-11T00:05:00Z,MCH-012,LINE-B,2026-03-08T04:25:36Z,2026-03-08T04:26:36Z,SENSOR_DROPOUT,medium,2.01,,running,0.33,0.47,1.09,MP-FW-3.2,GW-A1
MP-1536,MechaPulse,PLANT_01,2026-03-11T00:05:00Z,MCH-007,LINE-C,2026-03-02T11:38:29Z,2026-03-02T11:45:29Z,SENSOR_DROPOUT,high,,,unknown,0.43,0.64,7.41,MP-FW-2.9,GW-A1
MP-1537,MechaPulse,PLANT_01,2026-03-11T00:05:00Z,MCH-011,LINE-D,2026-03-07T18:43:07Z,2026-03-07T18:51:07Z,SENSOR_DROPOUT,low,,,unknown,0.15,0.6,4.94,MP-FW-3.2,GW-C1
MP-1538,MechaPulse,PLANT_01,2026-03-11T00:05:00Z,MCH-007,LINE-C,2026-03-03T01:05:19Z,2026-03-03T01:08:19Z,SENSOR_DROPOUT,low,2.59,55.66,unknown,0.19,0.44,6.05,MP-FW-3.1,GW-A2
MP-1539,MechaPulse,PLANT_01,2026-03-11T00:05:00Z,MCH-007,LINE-C,2026-03-02T07:20:57Z,2026-03-02T07:26:57Z,SENSOR_DROPOUT,low,,,unknown,0.33,0.56,10.89,MP-FW-3.1,GW-B1
MP-1540,MechaPulse,PLANT_01,2026-03-11T00:05:00Z,MCH-011,LINE-D,2026-03-08T19:36:54Z,2026-03-08T19:43:54Z,SENSOR_DROPOUT,high,,,idle,0.21,0.49,7.06,MP-FW-3.2,GW-A2
MP-1541,MechaPulse,PLANT_01,2026-03-11T00:05:00Z,MCH-004,LINE-B,2026-03-05T06:06:57Z,2026-03-05T06:12:57Z,SENSOR_DROPOUT,high,1.11,68.59,running,0.43,0.27,2.97,MP-FW-3.1,GW-B1
MP-1542,MechaPulse,PLANT_01,2026-03-11T00:05:00Z,MCH-012,LINE-B,2026-03-09T20:51:20Z,2026-03-09T20:55:20Z,SENSOR_DROPOUT,low,,62.99,idle,0.1,0.31,1.05,MP-FW-2.9,GW-C1
MP-1543,MechaPulse,PLANT_01,2026-03-11T00:05:00Z,MCH-004,LINE-B,2026-03-05T22:50:20Z,2026-03-05T23:05:20Z,SENSOR_DROPOUT,medium,,,running,,0.37,6.71,MP-FW-3.1,GW-C1
MP-1544,MechaPulse,PLANT_01,2026-03-11T00:05:00Z,MCH-011,LINE-D,2026-03-10T13:49:25Z,2026-03-10T13:55:25Z,SENSOR_DROPOUT,low,3.79,73.77,unknown,0.21,0.33,8.07,MP-FW-3.2,GW-C1
MP-1545,MechaPulse,PLANT_01,2026-03-11T00:05:00Z,MCH-007,LINE-C,2026-03-02T09:09:53Z,2026-03-02T09:16:53Z,SENSOR_DROPOUT,medium,4.02,,unknown,0.43,0.49,6.27,MP-FW-3.1,GW-A1
MP-1546,MechaPulse,PLANT_01,2026-03-11T00:05:00Z,MCH-011,LINE-D,2026-03-09T22:20:02Z,2026-03-09T22:23:02Z,SENSOR_DROPOUT,low,,,running,0.21,0.33,9.81,MP-FW-3.2,GW-C1
MP-1547,MechaPulse,PLANT_01,2026-03-11T00:05:00Z,MCH-004,LINE-B,2026-03-06T22:28:33Z,2026-03-06T22:32:33Z,SENSOR_DROPOUT,low,,70.1,idle,0.36,0.44,0.88,MP-FW-3.1,GW-A2
MP-1548,MechaPulse,PLANT_01,2026-03-11T00:05:00Z,MCH-012,LINE-B,2026-03-05T09:08:12Z,2026-03-05T09:11:12Z,SENSOR_DROPOUT,medium,,,idle,0.21,0.31,5.31,MP-FW-2.9,GW-A2
MP-1549,MechaPulse,PLANT_01,2026-03-11T00:05:00Z,MCH-007,LINE-C,2026-03-03T03:19:04Z,2026-03-03T03:27:04Z,SENSOR_DROPOUT,medium,,79.51,idle,0.49,0.28,10.67,MP-FW-3.1,GW-B1
MP-1550,MechaPulse,PLANT_01,2026-03-11T00:05:00Z,MCH-012,LINE-B,2026-03-02T17:07:25Z,2026-03-02T17:12:25Z,SENSOR_DROPOUT,high,,,running,0.23,0.26,1.43,MP-FW-3.1,GW-A2
MP-1551,MechaPulse,PLANT_01,2026-03-11T00:05:00Z,MCH-003,LINE-B,2026-03-03T11:57:07Z,2026-03-03T12:07:07Z,SENSOR_DROPOUT,low,2.71,,running,0.52,0.39,3.45,MP-FW-3.1,GW-A1
MP-1552,MechaPulse,PLANT_01,2026-03-11T00:05:00Z,MCH-011,LINE-D,2026-03-08T23:16:39Z,2026-03-09T00:16:39Z,SENSOR_DROPOUT,medium,2.33,62.37,idle,0.2,0.47,8.79,MP-FW-3.1,GW-B1
MP-1553,MechaPulse,PLANT_01,2026-03-11T00:05:00Z,MCH-003,LINE-B,2026-03-07T15:14:00Z,2026-03-07T15:17:00Z,SENSOR_DROPOUT,medium,3.11,,unknown,0.55,0.41,5.74,MP-FW-3.2,GW-B1
MP-1554,MechaPulse,PLANT_01,2026-03-11T00:05:00Z,MCH-004,LINE-B,2026-03-03T21:13:23Z,2026-03-03T21:21:23Z,SENSOR_DROPOUT,medium,,,idle,,0.21,9.88,MP-FW-2.9,GW-A2
MP-1555,MechaPulse,PLANT_01,2026-03-11T00:05:00Z,MCH-012,LINE-B,2026-03-01T08:26:15Z,2026-03-01T08:34:15Z,SENSOR_DROPOUT,high,4.62,62.9,unknown,0.42,0.48,3.94,MP-FW-2.9,GW-C1
MP-1556,MechaPulse,PLANT_01,2026-03-11T00:05:00Z,MCH-003,LINE-B,2026-03-04T03:26:19Z,2026-03-04T03:32:19Z,SENSOR_DROPOUT,low,,,running,0.39,0.27,1.9,MP-FW-3.2,GW-A2
MP-1557,MechaPulse,PLANT_01,2026-03-11T00:05:00Z,MCH-011,LINE-D,2026-03-04T06:42:04Z,2026-03-04T06:43:04Z,SENSOR_DROPOUT,medium,,,running,0.16,0.42,11.03,MP-FW-2.9,GW-A2
MP-1558,MechaPulse,PLANT_01,2026-03-11T00:05:00Z,MCH-003,LINE-B,2026-03-09T02:45:17Z,2026-03-09T02:52:17Z,SENSOR_DROPOUT,low,4.02,,unknown,0.41,0.42,6.57,MP-FW-2.9,GW-B1
MP-1559,MechaPulse,PLANT_01,2026-03-11T00:05:00Z,MCH-007,LINE-C,2026-03-02T14:00:43Z,2026-03-02T14:07:43Z,SENSOR_DROPOUT,low,,,unknown,0.4,0.27,5.89,MP-FW-2.9,GW-B1
MP-1560,MechaPulse,PLANT_01,2026-03-11T00:05:00Z,MCH-012,LINE-B,2026-03-05T20:46:29Z,2026-03-05T20:50:29Z,SENSOR_DROPOUT,medium,2.81,,idle,0.41,0.45,0.8,MP-FW-3.2,GW-A2
MP-1561,MechaPulse,PLANT_01,2026-03-11T00:05:00Z,MCH-012,LINE-B,2026-03-01T01:37:29Z,2026-03-01T01:45:29Z,SENSOR_DROPOUT,high,,,unknown,0.48,0.52,8.3,MP-FW-2.9,GW-A2
MP-1562,MechaPulse,PLANT_01,2026-03-11T00:05:00Z,MCH-012,LINE-B,2026-03-07T09:28:47Z,2026-03-07T09:30:47Z,SENSOR_DROPOUT,medium,,61.41,idle,0.55,0.56,1.37,MP-FW-3.1,GW-C1
MP-1563,MechaPulse,PLANT_01,2026-03-11T00:05:00Z,MCH-012,LINE-B,2026-03-02T09:15:19Z,2026-03-02T09:17:19Z,SENSOR_DROPOUT,medium,,,unknown,0.22,0.5,2.13,MP-FW-2.9,GW-A2
MP-1564,MechaPulse,PLANT_01,2026-03-11T00:05:00Z,MCH-012,LINE-B,2026-03-04T07:11:18Z,2026-03-04T07:18:18Z,SENSOR_DROPOUT,high,,,running,0.25,0.4,0.59,MP-FW-2.9,GW-C1
MP-1565,MechaPulse,PLANT_01,2026-03-11T00:05:00Z,MCH-011,LINE-D,2026-03-05T00:51:08Z,2026-03-05T00:58:08Z,SENSOR_DROPOUT,medium,2.96,,unknown,0.26,0.31,5.39,MP-FW-3.1,GW-B1
MP-1566,MechaPulse,PLANT_01,2026-03-11T00:05:00Z,MCH-007,LINE-C,2026-03-08T11:47:19Z,2026-03-08T11:50:19Z,SENSOR_DROPOUT,medium,,46.15,idle,0.22,0.61,0.96,MP-FW-3.1,GW-A2
MP-1567,MechaPulse,PLANT_01,2026-03-11T00:05:00Z,MCH-011,LINE-D,2026-03-08T13:39:06Z,2026-03-08T13:42:06Z,SENSOR_DROPOUT,medium,2.59,,unknown,0.16,0.33,3.03,MP-FW-3.1,GW-A1
MP-1568,MechaPulse,PLANT_01,2026-03-11T00:05:00Z,MCH-012,LINE-B,2026-03-05T06:12:38Z,2026-03-05T06:17:38Z,SENSOR_DROPOUT,high,4.44,61.15,running,0.28,0.39,1.17,MP-FW-3.1,GW-A1
MP-1569,MechaPulse,PLANT_01,2026-03-11T00:05:00Z,MCH-011,LINE-D,2026-03-10T05:11:08Z,2026-03-10T05:19:08Z,SENSOR_DROPOUT,low,,,idle,0.15,0.14,10.37,MP-FW-3.1,GW-A1
MP-1570,MechaPulse,PLANT_01,2026-03-11T00:05:00Z,MCH-012,LINE-B,2026-03-08T02:47:24Z,2026-03-08T02:51:24Z,SENSOR_DROPOUT,low,,,idle,0.37,0.58,10.06,MP-FW-3.1,GW-B1
MP-1571,MechaPulse,PLANT_01,2026-03-11T00:05:00Z,MCH-011,LINE-D,2026-03-07T13:06:15Z,2026-03-07T13:07:15Z,SENSOR_DROPOUT,high,2.29,,idle,0.15,0.65,6.38,MP-FW-2.9,GW-B1
MP-1572,MechaPulse,PLANT_01,2026-03-11T00:05:00Z,MCH-003,LINE-B,2026-03-08T13:08:58Z,2026-03-08T13:15:58Z,SENSOR_DROPOUT,low,,,idle,0.24,0.42,3.26,MP-FW-3.1,GW-A1
MP-1573,MechaPulse,PLANT_01,2026-03-11T00:05:00Z,MCH-011,LINE-D,2026-03-06T18:36:14Z,2026-03-06T18:43:14Z,SENSOR_DROPOUT,high,,,unknown,0.18,0.45,8.06,MP-FW-3.2,GW-C1
MP-1574,MechaPulse,PLANT_01,2026-03-11T00:05:00Z,MCH-004,LINE-B,2026-03-02T07:33:28Z,2026-03-02T07:34:28Z,SENSOR_DROPOUT,low,,60.9,running,0.31,0.43,1.63,MP-FW-3.1,GW-B1
MP-1575,MechaPulse,PLANT_01,2026-03-11T00:05:00Z,MCH-011,LINE-D,2026-03-04T23:28:38Z,2026-03-04T23:34:38Z,SENSOR_DROPOUT,high,3.59,68.84,idle,0.2,0.42,6.43,MP-FW-2.9,GW-A2
MP-1576,MechaPulse,PLANT_01,2026-03-11T00:05:00Z,MCH-004,LINE-B,2026-03-04T01:03:20Z,2026-03-04T01:06:20Z,SENSOR_DROPOUT,high,,,running,0.24,0.35,8.39,MP-FW-3.1,GW-A1
MP-1577,MechaPulse,PLANT_01,2026-03-11T00:05:00Z,MCH-003,LINE-B,2026-03-08T22:41:28Z,2026-03-08T22:48:28Z,SENSOR_DROPOUT,high,2.83,77.2,running,0.47,0.44,2.28,MP-FW-3.2,GW-A1
MP-1578,MechaPulse,PLANT_01,2026-03-11T00:05:00Z,MCH-004,LINE-B,2026-03-01T08:32:34Z,2026-03-01T08:39:34Z,SENSOR_DROPOUT,medium,3.05,64.18,running,0.2,0.42,6.45,MP-FW-2.9,GW-B1
MP-1579,MechaPulse,PLANT_01,2026-03-11T00:05:00Z,MCH-007,LINE-C,2026-03-07T02:01:29Z,2026-03-07T02:02:29Z,SENSOR_DROPOUT,medium,,,idle,0.55,0.05,3.54,MP-FW-2.9,GW-C1
MP-1580,MechaPulse,PLANT_01,2026-03-11T00:05:00Z,MCH-011,LINE-D,2026-03-04T02:53:23Z,2026-03-04T02:54:23Z,SENSOR_DROPOUT,medium,4.27,67.54,unknown,0.34,0.54,2.66,MP-FW-3.1,GW-A1
MP-1581,MechaPulse,PLANT_01,2026-03-11T00:05:00Z,MCH-011,LINE-D,2026-03-07T22:39:35Z,2026-03-07T22:42:35Z,SENSOR_DROPOUT,medium,1.5,,running,0.21,0.37,5.93,MP-FW-3.2,GW-B1
MP-1582,MechaPulse,PLANT_01,2026-03-11T00:05:00Z,MCH-011,LINE-D,2026-03-09T03:53:14Z,2026-03-09T03:55:14Z,SENSOR_DROPOUT,low,6.76,,running,0.16,0.43,4.9,MP-FW-2.9,GW-C1
MP-1583,MechaPulse,PLANT_01,2026-03-11T00:05:00Z,MCH-003,LINE-B,2026-03-02T15:04:01Z,2026-03-02T15:19:01Z,SENSOR_DROPOUT,medium,,,running,0.28,0.51,9.33,MP-FW-2.9,GW-B1
MP-1584,MechaPulse,PLANT_01,2026-03-11T00:05:00Z,MCH-003,LINE-B,2026-03-05T07:26:53Z,2026-03-05T07:33:53Z,SENSOR_DROPOUT,high,,61.93,running,0.55,0.34,7.65,MP-FW-2.9,GW-C1
MP-1585,MechaPulse,PLANT_01,2026-03-11T00:05:00Z,MCH-011,LINE-D,2026-03-03T05:15:53Z,2026-03-03T05:19:53Z,SENSOR_DROPOUT,high,,,unknown,0.18,0.52,1.06,MP-FW-3.2,GW-C1
MP-1586,MechaPulse,PLANT_01,2026-03-11T00:05:00Z,MCH-004,LINE-B,2026-03-06T02:35:50Z,2026-03-06T02:40:50Z,SENSOR_DROPOUT,medium,,79.91,unknown,0.23,0.36,5.78,MP-FW-3.1,GW-A2
MP-1587,MechaPulse,PLANT_01,2026-03-11T00:05:00Z,MCH-003,LINE-B,2026-03-01T04:14:10Z,2026-03-01T04:17:10Z,SENSOR_DROPOUT,low,,62.06,idle,0.37,0.44,4.2,MP-FW-3.2,GW-A2
MP-1588,MechaPulse,PLANT_01,2026-03-11T00:05:00Z,MCH-007,LINE-C,2026-03-02T08:30:21Z,2026-03-02T08:38:21Z,SENSOR_DROPOUT,medium,,,idle,0.27,0.52,8.38,MP-FW-2.9,GW-A1
MP-1589,MechaPulse,PLANT_01,2026-03-11T00:05:00Z,MCH-011,LINE-D,2026-03-01T02:07:37Z,2026-03-01T02:11:37Z,SENSOR_DROPOUT,high,,,running,0.15,0.32,9.74,MP-FW-3.2,GW-B1
MP-1590,MechaPulse,PLANT_01,2026-03-11T00:05:00Z,MCH-012,LINE-B,2026-03-04T14:59:48Z,2026-03-04T15:09:48Z,SENSOR_DROPOUT,low,6.29,68.39,idle,0.2,0.34,10.81,MP-FW-3.2,GW-A1
MP-1591,MechaPulse,PLANT_01,2026-03-11T00:05:00Z,MCH-003,LINE-B,2026-02-28T22:00:00Z,2026-03-08T14:02:17Z,SENSOR_DROPOUT,low,,,idle,0.55,0.25,5.23,MP-FW-3.1,GW-C1
MP-1592,MechaPulse,PLANT_01,2026-03-11T00:05:00Z,MCH-011,LINE-D,2026-03-02T05:55:45Z,2026-03-02T05:57:45Z,SENSOR_DROPOUT,high,5.33,,unknown,0.15,0.41,5.32,MP-FW-2.9,GW-A1
MP-1593,MechaPulse,PLANT_01,2026-03-11T00:05:00Z,MCH-007,LINE-C,2026-03-04T13:57:57Z,2026-03-05T01:57:57Z,SENSOR_DROPOUT,low,,60.54,idle,0.22,0.21,2.41,MP-FW-3.2,GW-A2
MP-1594,MechaPulse,PLANT_01,2026-03-11T00:05:00Z,MCH-012,LINE-B,2026-03-03T03:05:46Z,2026-03-03T05:05:46Z,SENSOR_DROPOUT,medium,,,unknown,0.35,0.41,7.33,MP-FW-3.1,GW-B1
MP-1595,MechaPulse,PLANT_01,2026-03-11T00:05:00Z,MCH-012,LINE-B,2026-03-08T11:23:11Z,2026-03-08T11:33:11Z,SENSOR_DROPOUT,medium,4.76,,idle,0.42,0.37,11.01,MP-FW-2.9,GW-A1
MP-1596,MechaPulse,PLANT_01,2026-03-11T00:05:00Z,MCH-012,LINE-B,2026-03-05T12:42:45Z,2026-03-05T12:49:45Z,SENSOR_DROPOUT,low,3.56,,running,0.44,0.44,5.19,MP-FW-3.2,GW-B1
MP-1597,MechaPulse,PLANT_01,2026-03-11T00:05:00Z,MCH-003,LINE-B,2026-03-04T01:16:31Z,2026-03-04T01:18:31Z,SENSOR_DROPOUT,high,,,unknown,0.28,,8.36,MP-FW-3.2,GW-A1
MP-1598,MechaPulse,PLANT_01,2026-03-11T00:05:00Z,MCH-007,LINE-C,2026-03-04T19:00:58Z,2026-03-04T19:05:58Z,SENSOR_DROPOUT,medium,1.85,,running,0.27,0.48,10.82,MP-FW-3.1,GW-A1
MP-1599,MechaPulse,PLANT_01,2026-03-11T00:05:00Z,MCH-007,LINE-C,2026-03-06T23:47:06Z,2026-03-06T23:49:06Z,SENSOR_DROPOUT,high,,,unknown,0.38,0.3,9.94,MP-FW-3.1,GW-A1
MP-1600,MechaPulse,PLANT_01,2026-03-11T00:05:00Z,MCH-006,LINE-C,2026-03-09T00:05:48Z,2026-03-09T00:12:48Z,COOLING_IRREGULARITY,medium,3.38,101.13,running,0.89,0.79,0.46,MP-FW-3.2,GW-C1
MP-1601,MechaPulse,PLANT_01,2026-03-11T00:05:00Z,MCH-002,LINE-A,2026-03-04T00:09:41Z,2026-03-04T00:14:41Z,COOLING_IRREGULARITY,high,4.77,82.7,running,,0.86,4.65,MP-FW-3.2,GW-A1
MP-1602,MechaPulse,PLANT_01,2026-03-11T00:05:00Z,MCH-006,LINE-C,2026-03-07T13:47:01Z,2026-03-08T01:47:01Z,COOLING_IRREGULARITY,medium,7.21,80.47,running,0.91,0.91,3.02,MP-FW-3.1,GW-C1
MP-1603,MechaPulse,PLANT_01,2026-03-11T00:05:00Z,MCH-008,LINE-B,2026-03-06T09:18:33Z,2026-03-06T09:19:33Z,COOLING_IRREGULARITY,medium,6.38,95.61,running,,0.7,8.73,MP-FW-3.2,GW-C1
MP-1604,MechaPulse,PLANT_01,2026-03-11T00:05:00Z,MCH-006,LINE-C,2026-03-08T10:02:15Z,2026-03-08T10:09:15Z,NORMAL_READING,low,,50.18,idle,0.87,0.88,10.03,MP-FW-3.1,GW-A1
MP-1605,MechaPulse,PLANT_01,2026-03-11T00:05:00Z,MCH-004,LINE-B,2026-03-06T15:13:10Z,2026-03-06T15:23:10Z,COOLING_IRREGULARITY,high,5.82,97.1,running,1.0,0.83,6.57,MP-FW-3.1,GW-A2
MP-1606,MechaPulse,PLANT_01,2026-03-11T00:05:00Z,MCH-002,LINE-A,2026-03-08T19:03:13Z,2026-03-08T19:06:13Z,COOLING_IRREGULARITY,high,5.52,82.71,running,0.87,0.61,5.52,MP-FW-3.1,GW-B1
MP-1607,MechaPulse,PLANT_01,2026-03-11T00:05:00Z,MCH-008,LINE-B,2026-03-03T06:24:44Z,2026-03-03T06:39:44Z,COOLING_IRREGULARITY,medium,6.38,81.9,running,,0.94,3.41,MP-FW-3.2,GW-B1
MP-1608,MechaPulse,PLANT_01,2026-03-11T00:05:00Z,MCH-006,LINE-C,2026-03-09T17:26:25Z,2026-03-09T17:28:25Z,COOLING_IRREGULARITY,medium,6.16,91.56,running,0.9,0.83,9.84,MP-FW-2.9,GW-B1
MP-1609,MechaPulse,PLANT_01,2026-03-11T00:05:00Z,MCH-001,LINE-A,2026-03-09T09:19:55Z,2026-03-09T09:22:55Z,COOLING_IRREGULARITY,high,3.95,,running,0.89,0.85,1.75,MP-FW-3.2,GW-C1
MP-1610,MechaPulse,PLANT_01,2026-03-11T00:05:00Z,MCH-008,LINE-B,2026-03-04T17:19:19Z,2026-03-04T17:25:19Z,COOLING_IRREGULARITY,medium,6.65,88.41,running,0.96,0.86,9.62,MP-FW-2.9,GW-A2
MP-1611,MechaPulse,PLANT_01,2026-03-11T00:05:00Z,MCH-004,LINE-B,2026-03-07T09:03:28Z,2026-03-07T09:06:28Z,COOLING_IRREGULARITY,high,2.61,86.2,running,0.82,1.0,2.62,MP-FW-2.9,GW-A2
MP-1612,MechaPulse,PLANT_01,2026-03-11T00:05:00Z,MCH-006,LINE-C,2026-03-03T00:52:59Z,2026-03-03T00:58:59Z,COOLING_IRREGULARITY,medium,8.05,,running,0.95,0.89,7.45,MP-FW-3.2,GW-A1
MP-1613,MechaPulse,PLANT_01,2026-03-11T00:05:00Z,MCH-001,LINE-A,2026-03-09T00:18:16Z,2026-03-09T00:26:16Z,COOLING_IRREGULARITY,high,7.65,74.84,running,0.73,0.93,0.63,MP-FW-3.1,GW-A2
MP-1614,MechaPulse,PLANT_01,2026-03-11T00:05:00Z,MCH-008,LINE-B,2026-03-03T00:18:55Z,2026-03-03T00:24:55Z,COOLING_IRREGULARITY,medium,2.18,99.51,running,0.96,0.92,0.39,MP-FW-2.9,GW-B1
MP-1615,MechaPulse,PLANT_01,2026-03-11T00:05:00Z,MCH-004,LINE-B,2026-03-02T22:12:57Z,2026-03-02T22:14:57Z,COOLING_IRREGULARITY,high,6.73,71.46,running,0.86,0.68,0.7,MP-FW-2.9,GW-A2
MP-1616,MechaPulse,PLANT_01,2026-03-11T00:05:00Z,MCH-008,LINE-B,2026-03-05T15:45:11Z,2026-03-05T15:47:11Z,COOLING_IRREGULARITY,medium,7.36,84.63,running,0.98,0.92,2.3,MP-FW-2.9,GW-A1
MP-1617,MechaPulse,PLANT_01,2026-03-11T00:05:00Z,MCH-004,LINE-B,2026-03-09T23:22:00Z,2026-03-09T23:26:00Z,COOLING_IRREGULARITY,medium,6.76,82.97,running,0.81,1.0,3.35,MP-FW-2.9,GW-B1
MP-1618,MechaPulse,PLANT_01,2026-03-11T00:05:00Z,MCH-006,LINE-C,2026-03-10T12:05:12Z,2026-03-10T12:11:12Z,NORMAL_READING,low,1.56,64.22,idle,0.94,0.8,0.62,MP-FW-2.9,GW-C1
MP-1619,MechaPulse,PLANT_01,2026-03-11T00:05:00Z,MCH-002,LINE-A,2026-03-07T11:17:13Z,2026-03-07T11:22:13Z,COOLING_IRREGULARITY,high,5.69,80.69,running,1.0,0.86,1.5,MP-FW-2.9,GW-A2
MP-1620,MechaPulse,PLANT_01,2026-03-11T00:05:00Z,MCH-006,LINE-C,2026-03-06T07:35:37Z,2026-03-06T07:41:37Z,COOLING_IRREGULARITY,high,,83.26,running,0.94,0.82,1.33,MP-FW-3.2,GW-B1
MP-1621,MechaPulse,PLANT_01,2026-03-11T00:05:00Z,MCH-002,LINE-A,2026-03-07T05:18:11Z,2026-03-07T05:22:11Z,COOLING_IRREGULARITY,high,5.15,90.81,running,0.8,0.75,11.17,MP-FW-3.1,GW-A1
MP-1622,MechaPulse,PLANT_01,2026-03-11T00:05:00Z,MCH-006,LINE-C,2026-03-09T19:22:17Z,2026-03-09T19:26:17Z,COOLING_IRREGULARITY,high,4.52,84.51,running,0.85,0.88,0.81,MP-FW-3.1,GW-B1
MP-1623,MechaPulse,PLANT_01,2026-03-11T00:05:00Z,MCH-004,LINE-B,2026-03-02T14:37:51Z,2026-03-02T14:42:51Z,COOLING_IRREGULARITY,high,6.72,83.93,running,0.89,0.9,1.94,MP-FW-2.9,GW-B1
MP-1624,MechaPulse,PLANT_01,2026-03-11T00:05:00Z,MCH-002,LINE-A,2026-03-02T19:30:22Z,2026-03-02T19:38:22Z,COOLING_IRREGULARITY,medium,5.41,77.51,running,0.9,0.77,1.71,MP-FW-3.2,GW-B1
MP-1625,MechaPulse,PLANT_01,2026-03-11T00:05:00Z,MCH-004,LINE-B,2026-03-09T07:26:55Z,2026-03-09T07:27:55Z,COOLING_IRREGULARITY,high,1.63,80.9,running,0.82,0.75,9.5,MP-FW-2.9,GW-C1
MP-1626,MechaPulse,PLANT_01,2026-03-11T00:05:00Z,MCH-004,LINE-B,2026-03-08T08:17:14Z,2026-03-08T08:20:14Z,COOLING_IRREGULARITY,medium,7.6,85.89,running,0.88,0.83,11.03,MP-FW-3.2,GW-A2
MP-1627,MechaPulse,PLANT_01,2026-03-11T00:05:00Z,MCH-002,LINE-A,2026-03-08T18:19:33Z,2026-03-08T18:20:33Z,COOLING_IRREGULARITY,high,6.15,90.23,running,0.81,,7.59,MP-FW-2.9,GW-C1
MP-1628,MechaPulse,PLANT_01,2026-03-11T00:05:00Z,MCH-006,LINE-C,2026-03-01T14:53:19Z,2026-03-01T14:59:19Z,COOLING_IRREGULARITY,high,2.79,87.46,running,0.99,0.7,2.22,MP-FW-3.2,GW-C1
MP-1629,MechaPulse,PLANT_01,2026-03-11T00:05:00Z,MCH-004,LINE-B,2026-03-01T21:50:09Z,2026-03-01T21:58:09Z,COOLING_IRREGULARITY,medium,3.44,79.5,running,1.0,0.78,0.77,MP-FW-2.9,GW-B1
MP-1630,MechaPulse,PLANT_01,2026-03-11T00:05:00Z,MCH-002,LINE-A,2026-03-04T20:08:43Z,2026-03-04T20:16:43Z,COOLING_IRREGULARITY,high,4.76,88.16,running,0.86,0.83,8.55,MP-FW-3.1,GW-A2
MP-1631,MechaPulse,PLANT_01,2026-03-11T00:05:00Z,MCH-002,LINE-A,2026-03-02T01:49:08Z,2026-03-02T01:53:08Z,COOLING_IRREGULARITY,medium,6.89,83.01,running,0.82,0.8,0.66,MP-FW-3.2,GW-B1
MP-1632,MechaPulse,PLANT_01,2026-03-11T00:05:00Z,MCH-002,LINE-A,2026-03-07T22:23:46Z,2026-03-07T22:30:46Z,COOLING_IRREGULARITY,medium,10.15,73.54,running,1.0,1.0,1.1,MP-FW-3.2,GW-A1
MP-1633,MechaPulse,PLANT_01,2026-03-11T00:05:00Z,MCH-004,LINE-B,2026-03-07T11:53:16Z,2026-03-07T15:53:16Z,COOLING_IRREGULARITY,high,7.36,81.49,running,0.81,0.88,3.33,MP-FW-2.9,GW-A1
MP-1634,MechaPulse,PLANT_01,2026-03-11T00:05:00Z,MCH-008,LINE-B,2026-03-03T01:29:43Z,2026-03-03T01:39:43Z,COOLING_IRREGULARITY,high,2.73,86.98,running,0.96,0.94,8.21,MP-FW-3.1,GW-A1
MP-1635,MechaPulse,PLANT_01,2026-03-11T00:05:00Z,MCH-008,LINE-B,2026-03-09T06:50:45Z,2026-03-09T06:51:45Z,COOLING_IRREGULARITY,high,5.62,79.54,running,0.82,0.79,5.84,MP-FW-2.9,GW-A2
MP-1636,MechaPulse,PLANT_01,2026-03-11T00:05:00Z,MCH-008,LINE-B,2026-03-03T21:49:25Z,2026-03-03T21:51:25Z,COOLING_IRREGULARITY,medium,6.97,83.15,running,0.79,0.94,7.82,MP-FW-3.1,GW-A2
MP-1637,MechaPulse,PLANT_01,2026-03-11T00:05:00Z,MCH-008,LINE-B,2026-03-02T21:31:39Z,2026-03-02T21:39:39Z,COOLING_IRREGULARITY,high,6.39,81.34,running,0.85,0.86,1.6,MP-FW-3.2,GW-A2
MP-1638,MechaPulse,PLANT_01,2026-03-11T00:05:00Z,MCH-002,LINE-A,2026-03-02T06:12:36Z,2026-03-02T06:19:36Z,COOLING_IRREGULARITY,high,2.41,89.79,running,0.92,0.87,7.32,MP-FW-2.9,GW-B1
MP-1639,MechaPulse,PLANT_01,2026-03-11T00:05:00Z,MCH-006,LINE-C,2026-03-07T01:24:25Z,2026-03-07T01:25:25Z,NORMAL_READING,low,1.64,55.3,running,0.88,0.95,4.53,MP-FW-2.9,GW-C1
MP-1640,MechaPulse,PLANT_01,2026-03-11T00:05:00Z,MCH-001,LINE-A,2026-03-05T16:02:12Z,2026-03-05T16:09:12Z,COOLING_IRREGULARITY,medium,8.45,85.19,running,0.85,0.57,1.23,MP-FW-3.2,GW-A1
MP-1641,MechaPulse,PLANT_01,2026-03-11T00:05:00Z,MCH-004,LINE-B,2026-03-09T23:41:41Z,2026-03-09T23:45:41Z,COOLING_IRREGULARITY,high,0.85,74.77,running,0.83,0.87,10.31,MP-FW-3.1,GW-C1
MP-1642,MechaPulse,PLANT_01,2026-03-11T00:05:00Z,MCH-006,LINE-C,2026-03-08T18:41:38Z,2026-03-08T18:47:38Z,COOLING_IRREGULARITY,medium,4.54,93.44,running,0.67,0.79,8.66,MP-FW-2.9,GW-C1
MP-1643,MechaPulse,PLANT_01,2026-03-11T00:05:00Z,MCH-004,LINE-B,2026-03-06T08:23:55Z,2026-03-06T12:23:55Z,COOLING_IRREGULARITY,high,5.4,94.57,running,0.92,0.83,3.51,MP-FW-3.2,GW-A1
MP-1644,MechaPulse,PLANT_01,2026-03-11T00:05:00Z,MCH-006,LINE-C,2026-03-09T03:41:59Z,2026-03-09T03:43:59Z,COOLING_IRREGULARITY,high,8.25,84.75,running,0.9,0.89,5.65,MP-FW-3.2,GW-A1
MP-1645,MechaPulse,PLANT_01,2026-03-11T00:05:00Z,MCH-006,LINE-C,2026-03-08T21:25:04Z,2026-03-08T21:33:04Z,COOLING_IRREGULARITY,high,6.52,88.19,running,0.75,0.76,3.46,MP-FW-3.1,GW-B1
MP-1646,MechaPulse,PLANT_01,2026-03-11T00:05:00Z,MCH-008,LINE-B,2026-03-09T02:54:18Z,2026-03-09T02:59:18Z,COOLING_IRREGULARITY,high,7.7,91.86,running,0.86,0.76,3.11,MP-FW-3.1,GW-A1
MP-1647,MechaPulse,PLANT_01,2026-03-11T00:05:00Z,MCH-004,LINE-B,2026-03-07T15:15:19Z,2026-03-07T15:22:19Z,COOLING_IRREGULARITY,medium,3.88,83.32,running,0.85,0.81,5.86,MP-FW-2.9,GW-B1
MP-1648,MechaPulse,PLANT_01,2026-03-11T00:05:00Z,MCH-006,LINE-C,2026-03-06T12:30:41Z,2026-03-06T12:32:41Z,COOLING_IRREGULARITY,medium,2.47,93.53,running,0.81,0.74,9.12,MP-FW-2.9,GW-A2
MP-1649,MechaPulse,PLANT_01,2026-03-11T00:05:00Z,MCH-006,LINE-C,2026-03-06T05:25:36Z,2026-03-06T05:29:36Z,COOLING_IRREGULARITY,medium,5.58,95.25,running,0.75,0.87,3.27,MP-FW-2.9,GW-A1
MP-1650,MechaPulse,PLANT_01,2026-03-11T00:05:00Z,MCH-001,LINE-A,2026-03-01T15:17:28Z,2026-03-01T15:21:28Z,COOLING_IRREGULARITY,medium,3.25,88.42,running,1.0,0.94,1.23,MP-FW-3.1,GW-A1
MP-1651,MechaPulse,PLANT_01,2026-03-11T00:05:00Z,MCH-004,LINE-B,2026-03-02T12:11:33Z,2026-03-02T12:12:33Z,COOLING_IRREGULARITY,high,9.25,92.67,running,0.9,0.73,2.43,MP-FW-2.9,GW-A2
MP-1652,MechaPulse,PLANT_01,2026-03-11T00:05:00Z,MCH-008,LINE-B,2026-03-04T09:54:36Z,2026-03-04T09:58:36Z,COOLING_IRREGULARITY,medium,4.18,75.88,running,0.8,1.0,4.8,MP-FW-3.2,GW-C1
MP-1653,MechaPulse,PLANT_01,2026-03-11T00:05:00Z,MCH-008,LINE-B,2026-03-04T17:44:32Z,2026-03-04T17:49:32Z,COOLING_IRREGULARITY,high,7.82,70.85,running,0.86,0.78,2.26,MP-FW-3.1,GW-B1
MP-1654,MechaPulse,PLANT_01,2026-03-11T00:05:00Z,MCH-004,LINE-B,2026-03-06T19:08:30Z,2026-03-06T19:16:30Z,COOLING_IRREGULARITY,high,8.84,89.34,running,0.91,0.76,2.82,MP-FW-3.2,GW-B1
MP-1655,MechaPulse,PLANT_01,2026-03-11T00:05:00Z,MCH-006,LINE-C,2026-03-07T00:50:30Z,2026-03-07T00:53:30Z,NORMAL_READING,low,3.79,65.7,idle,0.86,0.87,7.58,MP-FW-3.2,GW-B1
MP-1656,MechaPulse,PLANT_01,2026-03-11T00:05:00Z,MCH-002,LINE-A,2026-03-03T23:46:30Z,2026-03-03T23:51:30Z,COOLING_IRREGULARITY,high,6.27,83.88,running,0.93,0.81,11.15,MP-FW-3.2,GW-A2
MP-1657,MechaPulse,PLANT_01,2026-03-11T00:05:00Z,MCH-001,LINE-A,2026-03-09T17:27:17Z,2026-03-09T17:28:17Z,COOLING_IRREGULARITY,medium,2.05,89.96,running,0.83,0.8,2.63,MP-FW-2.9,GW-C1
MP-1658,MechaPulse,PLANT_01,2026-03-11T00:05:00Z,MCH-004,LINE-B,2026-03-02T05:10:04Z,2026-03-02T05:11:04Z,COOLING_IRREGULARITY,medium,4.22,93.98,running,0.99,0.97,11.35,MP-FW-2.9,GW-C1
MP-1659,MechaPulse,PLANT_01,2026-03-11T00:05:00Z,MCH-002,LINE-A,2026-03-01T15:19:40Z,2026-03-01T15:21:40Z,COOLING_IRREGULARITY,high,4.53,86.9,running,0.96,0.88,3.58,MP-FW-3.1,GW-A1
MP-1660,MechaPulse,PLANT_01,2026-03-11T00:05:00Z,MCH-006,LINE-C,2026-03-04T17:31:36Z,2026-03-04T17:37:36Z,COOLING_IRREGULARITY,high,5.0,75.9,running,0.83,0.82,3.83,MP-FW-3.1,GW-C1
MP-1661,MechaPulse,PLANT_01,2026-03-11T00:05:00Z,MCH-006,LINE-C,2026-03-03T06:20:43Z,2026-03-03T06:27:43Z,COOLING_IRREGULARITY,high,4.48,87.61,running,1.0,0.89,4.42,MP-FW-2.9,GW-C1
MP-1662,MechaPulse,PLANT_01,2026-03-11T00:05:00Z,MCH-001,LINE-A,2026-03-06T17:41:55Z,2026-03-06T17:43:55Z,COOLING_IRREGULARITY,high,5.53,90.03,running,0.79,0.71,1.19,MP-FW-3.2,GW-A2
MP-1663,MechaPulse,PLANT_01,2026-03-11T00:05:00Z,MCH-004,LINE-B,2026-03-09T17:28:43Z,2026-03-09T17:43:43Z,COOLING_IRREGULARITY,high,4.24,91.24,running,0.8,1.0,9.47,MP-FW-3.2,GW-A1
MP-1664,MechaPulse,PLANT_01,2026-03-11T00:05:00Z,MCH-006,LINE-C,2026-03-04T08:13:00Z,2026-03-04T08:19:00Z,COOLING_IRREGULARITY,high,1.69,92.97,running,0.89,0.77,10.29,MP-FW-2.9,GW-A2
MP-1665,MechaPulse,PLANT_01,2026-03-11T00:05:00Z,MCH-002,LINE-A,2026-03-02T16:29:13Z,2026-03-02T16:35:13Z,COOLING_IRREGULARITY,high,6.02,88.67,running,0.9,0.69,3.62,MP-FW-3.2,GW-B1
MP-1666,MechaPulse,PLANT_01,2026-03-11T00:05:00Z,MCH-002,LINE-A,2026-03-03T11:19:49Z,2026-03-03T11:20:49Z,COOLING_IRREGULARITY,high,3.32,102.14,running,0.91,0.89,4.71,MP-FW-3.1,GW-C1
MP-1667,MechaPulse,PLANT_01,2026-03-11T00:05:00Z,MCH-008,LINE-B,2026-03-02T10:02:05Z,2026-03-02T10:10:05Z,COOLING_IRREGULARITY,medium,5.08,78.81,running,0.88,0.78,1.23,MP-FW-2.9,GW-B1
MP-1668,MechaPulse,PLANT_01,2026-03-11T00:05:00Z,MCH-006,LINE-C,2026-03-06T18:55:07Z,2026-03-06T19:10:07Z,COOLING_IRREGULARITY,high,5.29,94.81,running,0.89,0.62,11.5,MP-FW-3.1,GW-C1
MP-1669,MechaPulse,PLANT_01,2026-03-11T00:05:00Z,MCH-004,LINE-B,2026-03-01T04:19:17Z,2026-03-01T04:22:17Z,COOLING_IRREGULARITY,high,7.61,101.03,running,0.92,0.85,7.67,MP-FW-3.2,GW-C1
MP-1670,MechaPulse,PLANT_01,2026-03-11T00:05:00Z,MCH-004,LINE-B,2026-03-05T18:28:11Z,2026-03-05T18:30:11Z,COOLING_IRREGULARITY,medium,5.62,104.71,running,0.8,0.83,9.71,MP-FW-2.9,GW-B1
MP-1671,MechaPulse,PLANT_01,2026-03-11T00:05:00Z,MCH-002,LINE-A,2026-03-01T07:03:21Z,2026-03-01T07:33:21Z,COOLING_IRREGULARITY,medium,2.12,89.41,running,0.87,0.99,2.72,MP-FW-3.2,GW-A1
MP-1672,MechaPulse,PLANT_01,2026-03-11T00:05:00Z,MCH-002,LINE-A,2026-03-06T09:53:29Z,2026-03-06T09:58:29Z,COOLING_IRREGULARITY,high,2.53,93.37,running,0.8,0.93,11.01,MP-FW-2.9,GW-A1
MP-1673,MechaPulse,PLANT_01,2026-03-11T00:05:00Z,MCH-006,LINE-C,2026-03-09T12:27:53Z,2026-03-09T12:29:53Z,COOLING_IRREGULARITY,medium,7.23,93.92,running,0.95,0.86,8.45,MP-FW-3.2,GW-B1
MP-1674,MechaPulse,PLANT_01,2026-03-11T00:05:00Z,MCH-008,LINE-B,2026-03-06T06:11:42Z,2026-03-06T06:12:42Z,COOLING_IRREGULARITY,high,4.46,88.23,running,0.84,0.71,0.36,MP-FW-2.9,GW-A1
MP-1675,MechaPulse,PLANT_01,2026-03-11T00:05:00Z,MCH-004,LINE-B,2026-03-03T16:56:10Z,2026-03-03T17:03:10Z,COOLING_IRREGULARITY,high,6.65,83.99,running,0.97,0.75,3.36,MP-FW-2.9,GW-B1
MP-1676,MechaPulse,PLANT_01,2026-03-11T00:05:00Z,MCH-006,LINE-C,2026-03-03T02:52:16Z,2026-03-03T02:58:16Z,COOLING_IRREGULARITY,high,5.57,90.84,running,0.79,0.7,6.34,MP-FW-3.1,GW-A2
MP-1677,MechaPulse,PLANT_01,2026-03-11T00:05:00Z,MCH-001,LINE-A,2026-03-10T10:39:07Z,2026-03-10T10:41:07Z,COOLING_IRREGULARITY,medium,4.6,82.43,running,0.86,0.9,5.97,MP-FW-3.1,GW-A2
MP-1678,MechaPulse,PLANT_01,2026-03-11T00:05:00Z,MCH-004,LINE-B,2026-03-03T06:15:46Z,2026-03-03T08:15:46Z,COOLING_IRREGULARITY,high,4.3,75.98,running,0.86,0.73,1.33,MP-FW-3.1,GW-A2
MP-1679,MechaPulse,PLANT_01,2026-03-11T00:05:00Z,MCH-004,LINE-B,2026-03-09T13:06:45Z,2026-03-09T13:36:45Z,COOLING_IRREGULARITY,medium,4.55,71.13,running,0.83,0.78,1.74,MP-FW-3.2,GW-A1
MP-1680,MechaPulse,PLANT_01,2026-03-11T00:05:00Z,MCH-002,LINE-A,2026-03-09T01:25:35Z,2026-03-09T01:28:35Z,COOLING_IRREGULARITY,medium,5.96,96.54,running,0.83,0.87,4.62,MP-FW-3.1,GW-C1
MP-1681,MechaPulse,PLANT_01,2026-03-11T00:05:00Z,MCH-006,LINE-C,2026-03-03T04:48:15Z,2026-03-03T08:48:15Z,COOLING_IRREGULARITY,high,5.24,104.26,running,0.97,0.81,0.32,MP-FW-3.1,GW-B1
MP-1682,MechaPulse,PLANT_01,2026-03-11T00:05:00Z,MCH-008,LINE-B,2026-03-09T18:42:40Z,2026-03-09T18:45:40Z,COOLING_IRREGULARITY,high,9.15,88.84,running,0.97,0.89,11.36,MP-FW-3.2,GW-B1
MP-1683,MechaPulse,PLANT_01,2026-03-11T00:05:00Z,MCH-002,LINE-A,2026-03-06T07:23:27Z,2026-03-06T07:25:27Z,COOLING_IRREGULARITY,medium,3.38,95.65,running,0.79,0.89,9.8,MP-FW-3.2,GW-C1
MP-1684,MechaPulse,PLANT_01,2026-03-11T00:05:00Z,MCH-006,LINE-C,2026-03-08T06:13:06Z,2026-03-08T06:18:06Z,COOLING_IRREGULARITY,high,2.48,94.23,running,0.77,0.96,5.79,MP-FW-2.9,GW-C1
MP-1685,MechaPulse,PLANT_01,2026-03-11T00:05:00Z,MCH-008,LINE-B,2026-03-02T04:23:49Z,2026-03-02T04:30:49Z,COOLING_IRREGULARITY,high,3.95,75.62,running,0.82,0.75,1.27,MP-FW-3.1,GW-B1
MP-1686,MechaPulse,PLANT_01,2026-03-11T00:05:00Z,MCH-008,LINE-B,2026-03-09T01:41:57Z,2026-03-09T01:49:57Z,COOLING_IRREGULARITY,high,6.93,92.44,running,0.76,0.98,8.99,MP-FW-2.9,GW-A1
MP-1687,MechaPulse,PLANT_01,2026-03-11T00:05:00Z,MCH-002,LINE-A,2026-03-03T01:21:01Z,2026-03-03T01:26:01Z,COOLING_IRREGULARITY,high,6.04,100.82,running,0.98,0.89,9.06,MP-FW-3.2,GW-C1
MP-1688,MechaPulse,PLANT_01,2026-03-11T00:05:00Z,MCH-008,LINE-B,2026-03-08T05:20:16Z,2026-03-08T05:26:16Z,COOLING_IRREGULARITY,medium,2.64,91.03,running,1.0,0.76,6.28,MP-FW-3.1,GW-B1
MP-1689,MechaPulse,PLANT_01,2026-03-11T00:05:00Z,MCH-004,LINE-B,2026-03-02T03:39:58Z,2026-03-02T03:44:58Z,COOLING_IRREGULARITY,medium,4.94,84.12,running,0.83,0.78,2.0,MP-FW-3.1,GW-B1
MP-1690,MechaPulse,PLANT_01,2026-03-11T00:05:00Z,MCH-002,LINE-A,2026-03-03T03:49:37Z,2026-03-03T03:56:37Z,COOLING_IRREGULARITY,high,5.42,97.13,running,0.81,0.68,7.69,MP-FW-3.2,GW-A2
MP-1691,MechaPulse,PLANT_01,2026-03-11T00:05:00Z,MCH-008,LINE-B,2026-03-07T01:29:22Z,2026-03-07T01:34:22Z,COOLING_IRREGULARITY,high,4.28,92.63,running,0.94,0.93,2.98,MP-FW-3.1,GW-B1
MP-1692,MechaPulse,PLANT_01,2026-03-11T00:05:00Z,MCH-002,LINE-A,2026-03-03T13:17:53Z,2026-03-03T13:22:53Z,COOLING_IRREGULARITY,medium,2.97,88.15,running,0.94,0.8,11.48,MP-FW-3.1,GW-C1
MP-1693,MechaPulse,PLANT_01,2026-03-11T00:05:00Z,MCH-002,LINE-A,2026-03-06T21:36:37Z,2026-03-06T21:42:37Z,COOLING_IRREGULARITY,high,4.39,77.78,running,0.76,1.0,3.82,MP-FW-3.2,GW-A1
MP-1694,MechaPulse,PLANT_01,2026-03-11T00:05:00Z,MCH-001,LINE-A,2026-03-02T12:43:20Z,2026-03-02T12:51:20Z,COOLING_IRREGULARITY,medium,5.01,90.6,running,0.78,1.0,8.13,MP-FW-2.9,GW-A2
MP-1695,MechaPulse,PLANT_01,2026-03-11T00:05:00Z,MCH-006,LINE-C,2026-03-07T12:48:53Z,2026-03-07T12:54:53Z,NORMAL_READING,low,4.8,55.58,running,0.88,0.95,3.32,MP-FW-3.2,GW-A1
MP-1696,MechaPulse,PLANT_01,2026-03-11T00:05:00Z,MCH-008,LINE-B,2026-03-06T14:01:27Z,2026-03-06T14:07:27Z,COOLING_IRREGULARITY,medium,5.67,92.85,running,0.88,0.72,11.28,MP-FW-2.9,GW-B1
MP-1697,MechaPulse,PLANT_01,2026-03-11T00:05:00Z,MCH-004,LINE-B,2026-03-07T22:27:03Z,2026-03-07T22:30:03Z,COOLING_IRREGULARITY,high,6.06,77.69,running,0.81,0.87,2.25,MP-FW-2.9,GW-C1
MP-1698,MechaPulse,PLANT_01,2026-03-11T00:05:00Z,MCH-008,LINE-B,2026-03-04T18:36:05Z,2026-03-04T18:44:05Z,COOLING_IRREGULARITY,medium,5.68,96.63,running,0.85,0.93,10.13,MP-FW-3.2,GW-A1
MP-1699,MechaPulse,PLANT_01,2026-03-11T00:05:00Z,MCH-002,LINE-A,2026-03-05T13:36:12Z,2026-03-05T13:46:12Z,COOLING_IRREGULARITY,medium,4.84,82.0,running,0.97,0.94,2.1,MP-FW-2.9,GW-A1
MP-1700,MechaPulse,PLANT_01,2026-03-11T00:05:00Z,MCH-002,LINE-A,2026-03-05T09:03:19Z,2026-03-05T21:03:19Z,COOLING_IRREGULARITY,medium,6.37,90.8,running,0.78,0.81,10.51,MP-FW-2.9,GW-B1
MP-1701,MechaPulse,PLANT_01,2026-03-11T00:05:00Z,MCH-008,LINE-B,2026-03-06T00:20:45Z,2026-03-06T00:22:45Z,COOLING_IRREGULARITY,medium,5.88,75.17,running,0.87,0.71,6.06,MP-FW-3.1,GW-C1
MP-1702,MechaPulse,PLANT_01,2026-03-11T00:05:00Z,MCH-002,LINE-A,2026-03-02T18:23:39Z,2026-03-02T18:25:39Z,COOLING_IRREGULARITY,high,6.25,102.87,running,0.81,0.75,5.75,MP-FW-3.2,GW-A1
MP-1703,MechaPulse,PLANT_01,2026-03-11T00:05:00Z,MCH-006,LINE-C,2026-03-06T11:11:51Z,2026-03-06T11:18:51Z,COOLING_IRREGULARITY,medium,4.87,89.76,running,0.85,0.72,3.51,MP-FW-2.9,GW-C1
MP-1704,MechaPulse,PLANT_01,2026-03-11T00:05:00Z,MCH-006,LINE-C,2026-03-05T06:57:05Z,2026-03-05T07:02:05Z,COOLING_IRREGULARITY,high,2.12,91.25,running,0.89,0.71,3.67,MP-FW-2.9,GW-A2
MP-1705,MechaPulse,PLANT_01,2026-03-11T00:05:00Z,MCH-008,LINE-B,2026-03-09T09:51:03Z,2026-03-09T21:51:03Z,COOLING_IRREGULARITY,medium,4.47,93.69,running,0.9,0.94,8.1,MP-FW-3.1,GW-A1
MP-1706,MechaPulse,PLANT_01,2026-03-11T00:05:00Z,MCH-006,LINE-C,2026-03-03T02:42:57Z,2026-03-03T02:43:57Z,COOLING_IRREGULARITY,medium,9.7,87.36,running,0.85,0.86,10.42,MP-FW-2.9,GW-B1
MP-1707,MechaPulse,PLANT_01,2026-03-11T00:05:00Z,MCH-001,LINE-A,2026-03-05T10:28:52Z,2026-03-05T10:33:52Z,COOLING_IRREGULARITY,medium,6.57,78.75,running,0.99,0.89,2.52,MP-FW-2.9,GW-B1
MP-1708,MechaPulse,PLANT_01,2026-03-11T00:05:00Z,MCH-006,LINE-C,2026-03-01T02:47:26Z,2026-03-01T02:48:26Z,COOLING_IRREGULARITY,high,5.68,78.35,running,0.99,0.9,2.72,MP-FW-2.9,GW-A1
MP-1709,MechaPulse,PLANT_01,2026-03-11T00:05:00Z,MCH-002,LINE-A,2026-03-10T00:02:31Z,2026-03-10T00:07:31Z,NORMAL_READING,low,5.18,66.89,idle,0.99,0.81,10.19,MP-FW-3.1,GW-C1
MP-1710,MechaPulse,PLANT_01,2026-03-11T00:05:00Z,MCH-002,LINE-A,2026-03-06T21:30:02Z,2026-03-06T21:32:02Z,COOLING_IRREGULARITY,high,2.69,84.63,running,0.89,0.94,0.66,MP-FW-2.9,GW-A2
MP-1711,MechaPulse,PLANT_01,2026-03-11T00:05:00Z,MCH-004,LINE-B,2026-03-09T05:56:20Z,2026-03-09T06:02:20Z,COOLING_IRREGULARITY,medium,5.82,72.51,running,0.8,0.71,5.91,MP-FW-3.1,GW-A2
MP-1712,MechaPulse,PLANT_01,2026-03-11T00:05:00Z,MCH-008,LINE-B,2026-03-04T19:43:42Z,2026-03-04T19:46:42Z,COOLING_IRREGULARITY,high,9.11,95.45,running,0.89,0.92,6.24,MP-FW-2.9,GW-A2
MP-1713,MechaPulse,PLANT_01,2026-03-11T00:05:00Z,MCH-008,LINE-B,2026-03-04T15:50:23Z,2026-03-04T15:57:23Z,COOLING_IRREGULARITY,medium,3.37,90.03,running,0.91,0.85,1.04,MP-FW-2.9,GW-C1
MP-1714,MechaPulse,PLANT_01,2026-03-11T00:05:00Z,MCH-001,LINE-A,2026-03-08T08:04:24Z,2026-03-08T08:09:24Z,COOLING_IRREGULARITY,high,7.15,85.28,running,0.81,0.9,6.26,MP-FW-3.2,GW-A2
MP-1715,MechaPulse,PLANT_01,2026-03-11T00:05:00Z,MCH-002,LINE-A,2026-03-08T05:58:46Z,2026-03-08T05:59:46Z,NORMAL_READING,low,2.97,74.4,running,0.88,0.83,9.69,MP-FW-3.2,GW-A2
MP-1716,MechaPulse,PLANT_01,2026-03-11T00:05:00Z,MCH-001,LINE-A,2026-03-05T18:59:56Z,2026-03-05T19:06:56Z,COOLING_IRREGULARITY,high,3.49,80.55,running,0.9,0.95,10.91,MP-FW-2.9,GW-B1
MP-1717,MechaPulse,PLANT_01,2026-03-11T00:05:00Z,MCH-004,LINE-B,2026-03-07T05:41:55Z,2026-03-07T05:49:55Z,COOLING_IRREGULARITY,high,4.81,83.77,running,0.93,0.75,2.65,MP-FW-2.9,GW-A2
MP-1718,MechaPulse,PLANT_01,2026-03-11T00:05:00Z,MCH-008,LINE-B,2026-03-06T21:18:27Z,2026-03-07T09:18:27Z,COOLING_IRREGULARITY,medium,6.67,89.44,running,0.87,0.87,4.85,MP-FW-3.2,GW-A2
MP-1719,MechaPulse,PLANT_01,2026-03-11T00:05:00Z,MCH-004,LINE-B,2026-03-02T11:39:48Z,2026-03-02T11:41:48Z,COOLING_IRREGULARITY,high,7.64,,running,1.0,0.72,9.83,MP-FW-3.2,GW-B1
MP-1207,MechaPulse,PLANT_01,2026-03-11T00:05:00Z,MCH-008,LINE-B,2026-03-07T09:33:13Z,2026-03-07T10:39:13Z,HIGH_VIBRATION,critical,6.76,56.73,running,0.86,0.87,5.31,MP-FW-3.1,GW-A2
MP-1154,MechaPulse,PLANT_01,2026-03-11T00:05:00Z,MCH-001,LINE-A,2026-03-07T02:31:34Z,2026-03-07T03:31:34Z,HIGH_VIBRATION,critical,9.7,76.74,running,1.0,0.95,0.95,MP-FW-2.9,GW-C1
MP-1218,MechaPulse,PLANT_01,2026-03-11T00:05:00Z,MCH-005,LINE-A,2026-03-09T13:31:39Z,2026-03-09T13:56:39Z,HIGH_VIBRATION,critical,6.54,75.62,running,0.88,0.7,7.91,MP-FW-3.2,GW-C1
MP-1314,MechaPulse,PLANT_01,2026-03-11T00:05:00Z,MCH-002,LINE-A,2026-03-08T04:12:47Z,2026-03-08T04:38:47Z,TEMP_SPIKE,critical,,112.01,running,0.9,0.76,3.95,MP-FW-3.2,GW-B1
MP-1067,MechaPulse,PLANT_01,2026-03-11T00:05:00Z,MCH-004,LINE-B,2026-03-02T06:16:18Z,2026-03-02T06:53:18Z,NORMAL_READING,low,2.47,61.13,running,0.79,0.92,5.82,MP-FW-3.2,GW-A2
MP-1371,MechaPulse,PLANT_01,2026-03-11T00:05:00Z,MCH-002,LINE-A,2026-03-09T16:52:42Z,2026-03-09T19:00:42Z,NORMAL_READING,low,2.63,66.86,running,0.74,0.64,7.26,MP-FW-3.1,GW-A1
MP-1638,MechaPulse,PLANT_01,2026-03-11T00:05:00Z,MCH-002,LINE-A,2026-03-02T06:12:36Z,2026-03-02T06:54:36Z,COOLING_IRREGULARITY,high,2.41,89.79,running,0.92,0.87,7.32,MP-FW-2.9,GW-B1
MP-1323,MechaPulse,PLANT_01,2026-03-11T00:05:00Z,MCH-006,LINE-C,2026-03-01T16:24:16Z,2026-03-01T17:31:16Z,TEMP_SPIKE,high,6.07,98.05,running,0.93,0.83,5.19,MP-FW-3.2,GW-A1
MP-1597,MechaPulse,PLANT_01,2026-03-11T00:05:00Z,MCH-003,LINE-B,2026-03-04T01:16:31Z,2026-03-04T01:58:31Z,SENSOR_DROPOUT,high,,,unknown,0.28,,8.36,MP-FW-3.2,GW-A1
MP-1457,MechaPulse,PLANT_01,2026-03-11T00:05:00Z,MCH-002,LINE-A,2026-03-01T17:15:14Z,2026-03-01T17:48:14Z,POWER_DRAW_ANOMALY,medium,7.91,62.78,running,0.88,0.81,5.04,MP-FW-3.1,GW-A2
MP-1486,MechaPulse,PLANT_01,2026-03-11T00:05:00Z,MCH-007,LINE-C,2026-03-03T08:39:42Z,2026-03-03T08:53:42Z,SENSOR_DROPOUT,low,,,unknown,0.35,0.41,3.57,MP-FW-2.9,GW-A2
MP-1346,MechaPulse,PLANT_01,2026-03-11T00:05:00Z,MCH-006,LINE-C,2026-03-07T10:53:08Z,2026-03-07T11:30:08Z,TEMP_SPIKE,high,6.39,100.1,running,0.67,0.87,6.25,MP-FW-3.1,GW-A2
MP-1179,MechaPulse,PLANT_01,2026-03-11T00:05:00Z,MCH-001,LINE-A,2026-03-08T22:10:42Z,2026-03-08T22:47:42Z,HIGH_VIBRATION,medium,10.85,77.77,running,0.67,0.77,5.57,MP-FW-3.1,GW-C1
MP-1296,MechaPulse,PLANT_01,2026-03-11T00:05:00Z,MCH-004,LINE-B,2026-03-05T17:13:26Z,2026-03-05T17:59:26Z,TEMP_SPIKE,medium,4.77,102.65,running,0.87,0.83,1.49,MP-FW-3.2,GW-B1
MP-1310,MechaPulse,PLANT_01,2026-03-11T00:05:00Z,MCH-004,LINE-B,2026-03-01T14:30:00Z,2026-03-01T15:31:00Z,TEMP_SPIKE,critical,1.67,101.87,running,0.93,0.89,6.36,MP-FW-2.9,GW-A2
MP-1103,MechaPulse,PLANT_01,2026-03-11T00:05:00Z,MCH-004,LINE-B,2026-03-06T00:47:41Z,2026-03-06T01:34:41Z,NORMAL_READING,low,3.39,57.84,idle,0.87,0.97,7.41,MP-FW-3.1,GW-A1
MP-1575,MechaPulse,PLANT_01,2026-03-11T00:05:00Z,MCH-011,LINE-D,2026-03-04T23:28:38Z,2026-03-04T23:52:38Z,SENSOR_DROPOUT,high,3.59,68.84,idle,0.2,0.42,6.43,MP-FW-2.9,GW-A2
MP-1163,MechaPulse,PLANT_01,2026-03-11T00:05:00Z,MCH-005,LINE-A,2026-03-07T02:20:22Z,2026-03-07T03:10:22Z,HIGH_VIBRATION,medium,6.96,76.66,running,0.9,0.81,1.23,MP-FW-3.1,GW-B1
,MechaPulse,PLANT_01,2026-03-11T00:05:00Z,MCH-999,LINE-Z,2026-03-03T04:00:00Z,2026-03-03T04:03:00Z,TEMP_SPIKE,high,5.5,102.3,running,0.91,0.89,4.2,MP-FW-3.2,GW-X
MP-EDGE-NULLM,MechaPulse,PLANT_01,2026-03-11T00:05:00Z,,LINE-A,2026-03-04T01:00:00Z,2026-03-04T01:04:00Z,HIGH_VIBRATION,high,13.2,77.2,running,0.87,0.83,8.1,MP-FW-3.1,GW-A1
